sim	t	arm	reward	cum_reward
1	1	0	0.0	0.0
1	2	1	0.0	0.0
1	3	2	1.0	1.0
1	4	3	0.0	1.0
1	5	4	1.0	2.0
1	6	2	1.0	3.0
1	7	4	0.0	3.0
1	8	2	1.0	4.0
1	9	2	1.0	5.0
1	10	0	1.0	6.0
1	11	1	0.0	6.0
1	12	3	0.0	6.0
1	13	2	1.0	7.0
1	14	0	0.0	7.0
1	15	4	0.0	7.0
1	16	2	1.0	8.0
1	17	2	1.0	9.0
1	18	2	1.0	10.0
1	19	2	0.0	10.0
1	20	0	0.0	10.0
1	21	4	0.0	10.0
1	22	1	0.0	10.0
1	23	3	1.0	11.0
1	24	3	0.0	11.0
1	25	2	1.0	12.0
1	26	2	1.0	13.0
1	27	2	1.0	14.0
1	28	2	1.0	15.0
1	29	2	1.0	16.0
1	30	2	1.0	17.0
1	31	2	1.0	18.0
1	32	2	1.0	19.0
1	33	2	1.0	20.0
1	34	0	0.0	20.0
1	35	3	0.0	20.0
1	36	4	0.0	20.0
1	37	2	0.0	20.0
1	38	1	0.0	20.0
1	39	2	1.0	21.0
1	40	2	1.0	22.0
1	41	2	1.0	23.0
1	42	2	1.0	24.0
1	43	2	0.0	24.0
1	44	2	1.0	25.0
1	45	0	0.0	25.0
1	46	3	0.0	25.0
1	47	4	0.0	25.0
1	48	2	1.0	26.0
1	49	2	1.0	27.0
1	50	2	1.0	28.0
1	51	2	1.0	29.0
1	52	2	1.0	30.0
1	53	2	1.0	31.0
1	54	2	1.0	32.0
1	55	1	0.0	32.0
1	56	2	1.0	33.0
1	57	2	1.0	34.0
1	58	2	1.0	35.0
1	59	2	1.0	36.0
1	60	2	1.0	37.0
1	61	2	1.0	38.0
1	62	2	1.0	39.0
1	63	2	1.0	40.0
1	64	2	1.0	41.0
1	65	2	1.0	42.0
1	66	2	1.0	43.0
1	67	2	1.0	44.0
1	68	2	1.0	45.0
1	69	2	1.0	46.0
1	70	2	1.0	47.0
1	71	2	0.0	47.0
1	72	0	0.0	47.0
1	73	3	0.0	47.0
1	74	4	0.0	47.0
1	75	2	1.0	48.0
1	76	2	0.0	48.0
1	77	2	1.0	49.0
1	78	1	0.0	49.0
1	79	2	1.0	50.0
1	80	2	1.0	51.0
1	81	2	1.0	52.0
1	82	2	0.0	52.0
1	83	2	1.0	53.0
1	84	2	1.0	54.0
1	85	2	1.0	55.0
1	86	2	1.0	56.0
1	87	2	0.0	56.0
1	88	0	1.0	57.0
1	89	0	0.0	57.0
1	90	3	0.0	57.0
1	91	4	0.0	57.0
1	92	2	1.0	58.0
1	93	2	1.0	59.0
1	94	2	1.0	60.0
1	95	2	1.0	61.0
1	96	2	1.0	62.0
1	97	2	1.0	63.0
1	98	2	1.0	64.0
1	99	2	1.0	65.0
1	100	2	1.0	66.0
1	101	2	1.0	67.0
1	102	2	1.0	68.0
1	103	2	1.0	69.0
1	104	2	1.0	70.0
1	105	2	1.0	71.0
1	106	2	1.0	72.0
1	107	2	1.0	73.0
1	108	2	1.0	74.0
1	109	2	1.0	75.0
1	110	2	1.0	76.0
1	111	2	1.0	77.0
1	112	2	1.0	78.0
1	113	2	1.0	79.0
1	114	1	0.0	79.0
1	115	2	1.0	80.0
1	116	2	1.0	81.0
1	117	2	1.0	82.0
1	118	2	1.0	83.0
1	119	0	0.0	83.0
1	120	2	1.0	84.0
1	121	2	1.0	85.0
1	122	2	1.0	86.0
1	123	2	1.0	87.0
1	124	2	1.0	88.0
1	125	2	1.0	89.0
1	126	2	1.0	90.0
1	127	2	1.0	91.0
1	128	2	1.0	92.0
1	129	2	1.0	93.0
1	130	2	1.0	94.0
1	131	2	1.0	95.0
1	132	2	1.0	96.0
1	133	2	1.0	97.0
1	134	2	1.0	98.0
1	135	2	1.0	99.0
1	136	2	1.0	100.0
1	137	2	1.0	101.0
1	138	2	1.0	102.0
1	139	2	1.0	103.0
1	140	2	1.0	104.0
1	141	2	1.0	105.0
1	142	2	1.0	106.0
1	143	3	0.0	106.0
1	144	4	0.0	106.0
1	145	2	1.0	107.0
1	146	2	1.0	108.0
1	147	2	1.0	109.0
1	148	2	1.0	110.0
1	149	2	1.0	111.0
1	150	2	1.0	112.0
1	151	2	1.0	113.0
1	152	2	1.0	114.0
1	153	2	1.0	115.0
1	154	2	1.0	116.0
1	155	2	1.0	117.0
1	156	2	0.0	117.0
1	157	2	1.0	118.0
1	158	2	1.0	119.0
1	159	2	1.0	120.0
1	160	2	1.0	121.0
1	161	2	1.0	122.0
1	162	2	1.0	123.0
1	163	2	1.0	124.0
1	164	2	1.0	125.0
1	165	2	1.0	126.0
1	166	2	1.0	127.0
1	167	2	0.0	127.0
1	168	0	0.0	127.0
1	169	2	1.0	128.0
1	170	1	0.0	128.0
1	171	2	1.0	129.0
1	172	2	0.0	129.0
1	173	2	1.0	130.0
1	174	2	1.0	131.0
1	175	2	1.0	132.0
1	176	2	1.0	133.0
1	177	2	1.0	134.0
1	178	2	1.0	135.0
1	179	2	1.0	136.0
1	180	2	0.0	136.0
1	181	2	1.0	137.0
1	182	2	1.0	138.0
1	183	2	1.0	139.0
1	184	2	0.0	139.0
1	185	3	0.0	139.0
1	186	4	0.0	139.0
1	187	2	1.0	140.0
1	188	2	1.0	141.0
1	189	2	1.0	142.0
1	190	2	1.0	143.0
1	191	2	1.0	144.0
1	192	2	1.0	145.0
1	193	2	1.0	146.0
1	194	2	1.0	147.0
1	195	2	1.0	148.0
1	196	2	1.0	149.0
1	197	2	1.0	150.0
1	198	2	1.0	151.0
1	199	2	1.0	152.0
1	200	2	1.0	153.0
1	201	2	1.0	154.0
1	202	2	1.0	155.0
1	203	2	0.0	155.0
1	204	2	1.0	156.0
1	205	2	1.0	157.0
1	206	2	1.0	158.0
1	207	2	1.0	159.0
1	208	2	1.0	160.0
1	209	2	0.0	160.0
1	210	2	1.0	161.0
1	211	2	1.0	162.0
1	212	0	0.0	162.0
1	213	2	1.0	163.0
1	214	2	0.0	163.0
1	215	2	1.0	164.0
1	216	2	1.0	165.0
1	217	2	1.0	166.0
1	218	2	1.0	167.0
1	219	2	0.0	167.0
1	220	1	0.0	167.0
1	221	2	1.0	168.0
1	222	2	1.0	169.0
1	223	2	1.0	170.0
1	224	2	1.0	171.0
1	225	2	1.0	172.0
1	226	2	1.0	173.0
1	227	2	1.0	174.0
1	228	2	1.0	175.0
1	229	2	0.0	175.0
1	230	2	1.0	176.0
1	231	2	1.0	177.0
1	232	2	1.0	178.0
1	233	2	1.0	179.0
1	234	2	1.0	180.0
1	235	2	1.0	181.0
1	236	2	1.0	182.0
1	237	2	1.0	183.0
1	238	2	1.0	184.0
1	239	2	1.0	185.0
1	240	2	1.0	186.0
1	241	2	1.0	187.0
1	242	2	1.0	188.0
1	243	2	1.0	189.0
1	244	2	1.0	190.0
1	245	2	1.0	191.0
1	246	3	0.0	191.0
1	247	4	0.0	191.0
1	248	2	1.0	192.0
1	249	2	0.0	192.0
1	250	2	1.0	193.0
1	251	2	1.0	194.0
1	252	2	1.0	195.0
1	253	2	1.0	196.0
1	254	2	1.0	197.0
1	255	2	1.0	198.0
1	256	2	1.0	199.0
1	257	2	1.0	200.0
1	258	2	1.0	201.0
1	259	2	1.0	202.0
1	260	2	1.0	203.0
1	261	2	0.0	203.0
1	262	2	1.0	204.0
1	263	2	1.0	205.0
1	264	2	1.0	206.0
1	265	2	1.0	207.0
1	266	2	1.0	208.0
1	267	2	1.0	209.0
1	268	2	0.0	209.0
1	269	2	1.0	210.0
1	270	2	0.0	210.0
1	271	0	0.0	210.0
1	272	2	1.0	211.0
1	273	2	1.0	212.0
1	274	2	1.0	213.0
1	275	2	1.0	214.0
1	276	2	1.0	215.0
1	277	2	1.0	216.0
1	278	2	1.0	217.0
1	279	2	0.0	217.0
1	280	2	1.0	218.0
1	281	2	1.0	219.0
1	282	2	1.0	220.0
1	283	2	1.0	221.0
1	284	2	1.0	222.0
1	285	2	0.0	222.0
1	286	2	0.0	222.0
1	287	1	0.0	222.0
1	288	2	1.0	223.0
1	289	2	1.0	224.0
1	290	2	1.0	225.0
1	291	2	0.0	225.0
1	292	2	1.0	226.0
1	293	2	1.0	227.0
1	294	2	1.0	228.0
1	295	2	1.0	229.0
1	296	2	1.0	230.0
1	297	2	1.0	231.0
1	298	2	1.0	232.0
1	299	2	1.0	233.0
1	300	2	1.0	234.0
1	301	2	0.0	234.0
1	302	2	1.0	235.0
1	303	3	0.0	235.0
1	304	4	0.0	235.0
1	305	2	0.0	235.0
1	306	2	1.0	236.0
1	307	2	1.0	237.0
1	308	2	1.0	238.0
1	309	2	1.0	239.0
1	310	2	1.0	240.0
1	311	2	1.0	241.0
1	312	2	1.0	242.0
1	313	2	1.0	243.0
1	314	2	1.0	244.0
1	315	2	1.0	245.0
1	316	2	1.0	246.0
1	317	2	1.0	247.0
1	318	2	1.0	248.0
1	319	2	1.0	249.0
1	320	2	1.0	250.0
1	321	2	1.0	251.0
1	322	2	1.0	252.0
1	323	2	1.0	253.0
1	324	2	1.0	254.0
1	325	2	1.0	255.0
1	326	2	1.0	256.0
1	327	2	1.0	257.0
1	328	2	1.0	258.0
1	329	2	1.0	259.0
1	330	2	1.0	260.0
1	331	2	1.0	261.0
1	332	2	1.0	262.0
1	333	2	0.0	262.0
1	334	2	1.0	263.0
1	335	2	1.0	264.0
1	336	2	0.0	264.0
1	337	2	1.0	265.0
1	338	2	1.0	266.0
1	339	2	1.0	267.0
1	340	0	0.0	267.0
1	341	2	0.0	267.0
1	342	2	1.0	268.0
1	343	2	1.0	269.0
1	344	2	1.0	270.0
1	345	2	0.0	270.0
1	346	2	1.0	271.0
1	347	2	1.0	272.0
1	348	2	0.0	272.0
1	349	2	1.0	273.0
1	350	2	0.0	273.0
1	351	2	1.0	274.0
1	352	2	1.0	275.0
1	353	2	1.0	276.0
1	354	2	1.0	277.0
1	355	2	1.0	278.0
1	356	2	1.0	279.0
1	357	2	1.0	280.0
1	358	2	1.0	281.0
1	359	2	1.0	282.0
1	360	2	1.0	283.0
1	361	2	0.0	283.0
1	362	2	1.0	284.0
1	363	1	0.0	284.0
1	364	2	1.0	285.0
1	365	2	1.0	286.0
1	366	2	1.0	287.0
1	367	2	1.0	288.0
1	368	2	1.0	289.0
1	369	2	1.0	290.0
1	370	2	1.0	291.0
1	371	2	1.0	292.0
1	372	2	1.0	293.0
1	373	2	1.0	294.0
1	374	2	1.0	295.0
1	375	2	1.0	296.0
1	376	2	1.0	297.0
1	377	2	1.0	298.0
1	378	2	1.0	299.0
1	379	2	1.0	300.0
1	380	2	1.0	301.0
1	381	2	1.0	302.0
1	382	2	1.0	303.0
1	383	2	1.0	304.0
1	384	2	1.0	305.0
1	385	2	1.0	306.0
1	386	2	1.0	307.0
1	387	2	1.0	308.0
1	388	2	1.0	309.0
1	389	2	1.0	310.0
1	390	2	1.0	311.0
1	391	2	1.0	312.0
1	392	2	1.0	313.0
1	393	2	1.0	314.0
1	394	2	1.0	315.0
1	395	2	1.0	316.0
1	396	2	1.0	317.0
1	397	2	0.0	317.0
1	398	2	0.0	317.0
1	399	3	0.0	317.0
1	400	4	0.0	317.0
1	401	2	1.0	318.0
1	402	2	1.0	319.0
1	403	2	1.0	320.0
1	404	2	1.0	321.0
1	405	2	1.0	322.0
1	406	2	1.0	323.0
1	407	2	1.0	324.0
1	408	2	1.0	325.0
1	409	2	1.0	326.0
1	410	2	1.0	327.0
1	411	2	1.0	328.0
1	412	2	1.0	329.0
1	413	2	1.0	330.0
1	414	2	1.0	331.0
1	415	2	1.0	332.0
1	416	2	1.0	333.0
1	417	2	0.0	333.0
1	418	2	1.0	334.0
1	419	2	1.0	335.0
1	420	2	1.0	336.0
1	421	2	1.0	337.0
1	422	2	1.0	338.0
1	423	2	1.0	339.0
1	424	2	1.0	340.0
1	425	2	1.0	341.0
1	426	2	1.0	342.0
1	427	2	1.0	343.0
1	428	2	1.0	344.0
1	429	2	1.0	345.0
1	430	2	1.0	346.0
1	431	2	1.0	347.0
1	432	2	0.0	347.0
1	433	2	1.0	348.0
1	434	2	1.0	349.0
1	435	2	1.0	350.0
1	436	2	0.0	350.0
1	437	2	0.0	350.0
1	438	0	0.0	350.0
1	439	2	1.0	351.0
1	440	2	1.0	352.0
1	441	2	1.0	353.0
1	442	2	1.0	354.0
1	443	2	1.0	355.0
1	444	2	0.0	355.0
1	445	2	0.0	355.0
1	446	2	1.0	356.0
1	447	2	1.0	357.0
1	448	2	1.0	358.0
1	449	2	1.0	359.0
1	450	2	1.0	360.0
1	451	2	1.0	361.0
1	452	2	0.0	361.0
1	453	2	0.0	361.0
1	454	2	1.0	362.0
1	455	2	1.0	363.0
1	456	2	1.0	364.0
1	457	2	1.0	365.0
1	458	2	1.0	366.0
1	459	2	1.0	367.0
1	460	2	1.0	368.0
1	461	2	1.0	369.0
1	462	2	1.0	370.0
1	463	2	1.0	371.0
1	464	2	1.0	372.0
1	465	2	1.0	373.0
1	466	2	1.0	374.0
1	467	2	1.0	375.0
1	468	2	1.0	376.0
1	469	2	1.0	377.0
1	470	2	1.0	378.0
1	471	2	1.0	379.0
1	472	2	1.0	380.0
1	473	2	1.0	381.0
1	474	2	1.0	382.0
1	475	2	1.0	383.0
1	476	2	1.0	384.0
1	477	2	0.0	384.0
1	478	2	1.0	385.0
1	479	2	1.0	386.0
1	480	2	1.0	387.0
1	481	2	1.0	388.0
1	482	2	1.0	389.0
1	483	2	1.0	390.0
1	484	2	1.0	391.0
1	485	2	1.0	392.0
1	486	2	1.0	393.0
1	487	2	1.0	394.0
1	488	2	1.0	395.0
1	489	2	1.0	396.0
1	490	2	0.0	396.0
1	491	2	1.0	397.0
1	492	2	0.0	397.0
1	493	1	0.0	397.0
1	494	2	1.0	398.0
1	495	2	1.0	399.0
1	496	2	1.0	400.0
1	497	2	1.0	401.0
1	498	2	1.0	402.0
1	499	2	1.0	403.0
1	500	2	1.0	404.0
2	1	0	0.0	0.0
2	2	1	0.0	0.0
2	3	2	1.0	1.0
2	4	3	0.0	1.0
2	5	4	0.0	1.0
2	6	2	1.0	2.0
2	7	2	1.0	3.0
2	8	2	1.0	4.0
2	9	0	0.0	4.0
2	10	1	0.0	4.0
2	11	3	1.0	5.0
2	12	4	0.0	5.0
2	13	2	1.0	6.0
2	14	3	0.0	6.0
2	15	2	1.0	7.0
2	16	2	1.0	8.0
2	17	2	0.0	8.0
2	18	2	1.0	9.0
2	19	3	0.0	9.0
2	20	0	0.0	9.0
2	21	1	0.0	9.0
2	22	4	0.0	9.0
2	23	2	1.0	10.0
2	24	2	1.0	11.0
2	25	2	1.0	12.0
2	26	2	1.0	13.0
2	27	2	1.0	14.0
2	28	2	1.0	15.0
2	29	2	1.0	16.0
2	30	2	1.0	17.0
2	31	2	1.0	18.0
2	32	2	1.0	19.0
2	33	3	0.0	19.0
2	34	2	1.0	20.0
2	35	2	1.0	21.0
2	36	0	0.0	21.0
2	37	1	0.0	21.0
2	38	4	0.0	21.0
2	39	2	1.0	22.0
2	40	2	1.0	23.0
2	41	2	1.0	24.0
2	42	2	1.0	25.0
2	43	2	1.0	26.0
2	44	2	1.0	27.0
2	45	2	0.0	27.0
2	46	2	1.0	28.0
2	47	2	1.0	29.0
2	48	3	0.0	29.0
2	49	2	1.0	30.0
2	50	2	1.0	31.0
2	51	2	1.0	32.0
2	52	2	1.0	33.0
2	53	2	1.0	34.0
2	54	2	1.0	35.0
2	55	2	1.0	36.0
2	56	0	0.0	36.0
2	57	1	0.0	36.0
2	58	4	0.0	36.0
2	59	2	1.0	37.0
2	60	2	1.0	38.0
2	61	2	1.0	39.0
2	62	2	1.0	40.0
2	63	2	1.0	41.0
2	64	2	1.0	42.0
2	65	2	1.0	43.0
2	66	2	1.0	44.0
2	67	2	1.0	45.0
2	68	2	0.0	45.0
2	69	2	1.0	46.0
2	70	2	1.0	47.0
2	71	3	0.0	47.0
2	72	2	1.0	48.0
2	73	2	1.0	49.0
2	74	2	1.0	50.0
2	75	2	1.0	51.0
2	76	2	1.0	52.0
2	77	2	1.0	53.0
2	78	2	1.0	54.0
2	79	2	1.0	55.0
2	80	2	1.0	56.0
2	81	2	1.0	57.0
2	82	2	1.0	58.0
2	83	2	1.0	59.0
2	84	2	1.0	60.0
2	85	0	0.0	60.0
2	86	1	0.0	60.0
2	87	4	0.0	60.0
2	88	2	1.0	61.0
2	89	2	1.0	62.0
2	90	2	1.0	63.0
2	91	2	1.0	64.0
2	92	2	1.0	65.0
2	93	2	1.0	66.0
2	94	2	1.0	67.0
2	95	2	1.0	68.0
2	96	2	0.0	68.0
2	97	2	1.0	69.0
2	98	2	1.0	70.0
2	99	2	1.0	71.0
2	100	2	1.0	72.0
2	101	2	1.0	73.0
2	102	2	1.0	74.0
2	103	2	1.0	75.0
2	104	3	0.0	75.0
2	105	2	1.0	76.0
2	106	2	1.0	77.0
2	107	2	1.0	78.0
2	108	2	1.0	79.0
2	109	2	0.0	79.0
2	110	2	1.0	80.0
2	111	2	0.0	80.0
2	112	2	1.0	81.0
2	113	2	1.0	82.0
2	114	2	1.0	83.0
2	115	2	1.0	84.0
2	116	2	1.0	85.0
2	117	0	0.0	85.0
2	118	1	0.0	85.0
2	119	4	0.0	85.0
2	120	2	1.0	86.0
2	121	2	1.0	87.0
2	122	2	1.0	88.0
2	123	2	1.0	89.0
2	124	2	1.0	90.0
2	125	2	1.0	91.0
2	126	2	1.0	92.0
2	127	2	1.0	93.0
2	128	2	1.0	94.0
2	129	2	1.0	95.0
2	130	2	1.0	96.0
2	131	2	1.0	97.0
2	132	2	1.0	98.0
2	133	2	1.0	99.0
2	134	2	1.0	100.0
2	135	2	1.0	101.0
2	136	2	1.0	102.0
2	137	2	0.0	102.0
2	138	2	1.0	103.0
2	139	2	1.0	104.0
2	140	2	1.0	105.0
2	141	3	0.0	105.0
2	142	2	1.0	106.0
2	143	2	1.0	107.0
2	144	2	1.0	108.0
2	145	2	1.0	109.0
2	146	2	1.0	110.0
2	147	2	1.0	111.0
2	148	2	1.0	112.0
2	149	2	1.0	113.0
2	150	2	1.0	114.0
2	151	2	1.0	115.0
2	152	2	1.0	116.0
2	153	2	1.0	117.0
2	154	2	1.0	118.0
2	155	2	1.0	119.0
2	156	2	0.0	119.0
2	157	2	0.0	119.0
2	158	2	1.0	120.0
2	159	2	1.0	121.0
2	160	2	1.0	122.0
2	161	2	1.0	123.0
2	162	2	1.0	124.0
2	163	2	1.0	125.0
2	164	2	0.0	125.0
2	165	0	0.0	125.0
2	166	1	0.0	125.0
2	167	4	0.0	125.0
2	168	2	1.0	126.0
2	169	2	0.0	126.0
2	170	2	1.0	127.0
2	171	2	1.0	128.0
2	172	2	1.0	129.0
2	173	2	1.0	130.0
2	174	2	1.0	131.0
2	175	2	1.0	132.0
2	176	2	1.0	133.0
2	177	2	1.0	134.0
2	178	2	0.0	134.0
2	179	2	1.0	135.0
2	180	3	1.0	136.0
2	181	3	0.0	136.0
2	182	2	1.0	137.0
2	183	2	1.0	138.0
2	184	2	1.0	139.0
2	185	2	1.0	140.0
2	186	2	1.0	141.0
2	187	2	1.0	142.0
2	188	2	1.0	143.0
2	189	2	1.0	144.0
2	190	2	1.0	145.0
2	191	2	1.0	146.0
2	192	2	1.0	147.0
2	193	2	1.0	148.0
2	194	2	0.0	148.0
2	195	2	1.0	149.0
2	196	2	1.0	150.0
2	197	2	1.0	151.0
2	198	2	0.0	151.0
2	199	2	1.0	152.0
2	200	2	1.0	153.0
2	201	2	1.0	154.0
2	202	2	1.0	155.0
2	203	2	1.0	156.0
2	204	2	1.0	157.0
2	205	2	1.0	158.0
2	206	2	1.0	159.0
2	207	2	1.0	160.0
2	208	2	1.0	161.0
2	209	2	1.0	162.0
2	210	3	0.0	162.0
2	211	2	1.0	163.0
2	212	2	1.0	164.0
2	213	2	1.0	165.0
2	214	2	1.0	166.0
2	215	2	1.0	167.0
2	216	2	0.0	167.0
2	217	2	1.0	168.0
2	218	2	0.0	168.0
2	219	0	0.0	168.0
2	220	1	0.0	168.0
2	221	4	1.0	169.0
2	222	4	1.0	170.0
2	223	4	0.0	170.0
2	224	4	0.0	170.0
2	225	2	1.0	171.0
2	226	2	0.0	171.0
2	227	2	1.0	172.0
2	228	2	1.0	173.0
2	229	2	1.0	174.0
2	230	2	1.0	175.0
2	231	2	1.0	176.0
2	232	2	1.0	177.0
2	233	2	1.0	178.0
2	234	2	1.0	179.0
2	235	2	1.0	180.0
2	236	2	1.0	181.0
2	237	2	1.0	182.0
2	238	2	1.0	183.0
2	239	2	1.0	184.0
2	240	2	1.0	185.0
2	241	2	1.0	186.0
2	242	2	1.0	187.0
2	243	2	1.0	188.0
2	244	2	1.0	189.0
2	245	2	1.0	190.0
2	246	2	1.0	191.0
2	247	2	1.0	192.0
2	248	2	1.0	193.0
2	249	2	1.0	194.0
2	250	2	1.0	195.0
2	251	2	1.0	196.0
2	252	2	1.0	197.0
2	253	2	1.0	198.0
2	254	2	0.0	198.0
2	255	2	1.0	199.0
2	256	2	1.0	200.0
2	257	2	1.0	201.0
2	258	2	1.0	202.0
2	259	2	0.0	202.0
2	260	2	1.0	203.0
2	261	2	1.0	204.0
2	262	2	1.0	205.0
2	263	2	1.0	206.0
2	264	2	1.0	207.0
2	265	2	1.0	208.0
2	266	2	1.0	209.0
2	267	2	1.0	210.0
2	268	2	1.0	211.0
2	269	2	1.0	212.0
2	270	2	1.0	213.0
2	271	2	1.0	214.0
2	272	2	1.0	215.0
2	273	2	1.0	216.0
2	274	2	1.0	217.0
2	275	2	1.0	218.0
2	276	2	1.0	219.0
2	277	2	1.0	220.0
2	278	2	1.0	221.0
2	279	2	1.0	222.0
2	280	2	1.0	223.0
2	281	2	1.0	224.0
2	282	2	1.0	225.0
2	283	2	1.0	226.0
2	284	2	0.0	226.0
2	285	3	0.0	226.0
2	286	4	0.0	226.0
2	287	2	1.0	227.0
2	288	2	0.0	227.0
2	289	2	1.0	228.0
2	290	2	0.0	228.0
2	291	2	0.0	228.0
2	292	0	0.0	228.0
2	293	1	0.0	228.0
2	294	2	0.0	228.0
2	295	2	0.0	228.0
2	296	2	1.0	229.0
2	297	2	1.0	230.0
2	298	2	1.0	231.0
2	299	2	1.0	232.0
2	300	2	0.0	232.0
2	301	2	1.0	233.0
2	302	2	1.0	234.0
2	303	2	1.0	235.0
2	304	2	1.0	236.0
2	305	2	0.0	236.0
2	306	2	1.0	237.0
2	307	2	1.0	238.0
2	308	2	1.0	239.0
2	309	2	0.0	239.0
2	310	2	1.0	240.0
2	311	2	1.0	241.0
2	312	2	1.0	242.0
2	313	2	1.0	243.0
2	314	2	1.0	244.0
2	315	2	0.0	244.0
2	316	2	1.0	245.0
2	317	2	1.0	246.0
2	318	2	1.0	247.0
2	319	2	1.0	248.0
2	320	2	1.0	249.0
2	321	2	1.0	250.0
2	322	2	1.0	251.0
2	323	2	1.0	252.0
2	324	2	1.0	253.0
2	325	2	1.0	254.0
2	326	2	1.0	255.0
2	327	2	1.0	256.0
2	328	2	1.0	257.0
2	329	2	1.0	258.0
2	330	2	1.0	259.0
2	331	2	1.0	260.0
2	332	2	1.0	261.0
2	333	2	1.0	262.0
2	334	2	1.0	263.0
2	335	2	1.0	264.0
2	336	2	1.0	265.0
2	337	2	1.0	266.0
2	338	2	1.0	267.0
2	339	2	1.0	268.0
2	340	3	0.0	268.0
2	341	4	0.0	268.0
2	342	2	1.0	269.0
2	343	2	1.0	270.0
2	344	2	1.0	271.0
2	345	2	0.0	271.0
2	346	2	1.0	272.0
2	347	2	1.0	273.0
2	348	2	1.0	274.0
2	349	2	0.0	274.0
2	350	2	1.0	275.0
2	351	2	1.0	276.0
2	352	2	1.0	277.0
2	353	2	1.0	278.0
2	354	2	1.0	279.0
2	355	2	1.0	280.0
2	356	2	1.0	281.0
2	357	2	1.0	282.0
2	358	2	1.0	283.0
2	359	2	1.0	284.0
2	360	2	1.0	285.0
2	361	2	1.0	286.0
2	362	2	1.0	287.0
2	363	2	1.0	288.0
2	364	2	1.0	289.0
2	365	2	1.0	290.0
2	366	2	1.0	291.0
2	367	2	1.0	292.0
2	368	2	1.0	293.0
2	369	2	1.0	294.0
2	370	2	1.0	295.0
2	371	2	0.0	295.0
2	372	2	1.0	296.0
2	373	2	1.0	297.0
2	374	2	1.0	298.0
2	375	2	1.0	299.0
2	376	2	1.0	300.0
2	377	2	1.0	301.0
2	378	2	0.0	301.0
2	379	2	1.0	302.0
2	380	0	0.0	302.0
2	381	1	0.0	302.0
2	382	2	1.0	303.0
2	383	2	1.0	304.0
2	384	2	1.0	305.0
2	385	2	1.0	306.0
2	386	2	0.0	306.0
2	387	2	1.0	307.0
2	388	2	1.0	308.0
2	389	2	0.0	308.0
2	390	2	1.0	309.0
2	391	2	1.0	310.0
2	392	2	1.0	311.0
2	393	2	1.0	312.0
2	394	2	0.0	312.0
2	395	2	1.0	313.0
2	396	2	1.0	314.0
2	397	2	1.0	315.0
2	398	2	0.0	315.0
2	399	2	1.0	316.0
2	400	2	1.0	317.0
2	401	2	1.0	318.0
2	402	2	1.0	319.0
2	403	2	1.0	320.0
2	404	2	1.0	321.0
2	405	2	1.0	322.0
2	406	2	1.0	323.0
2	407	2	1.0	324.0
2	408	2	1.0	325.0
2	409	2	1.0	326.0
2	410	2	1.0	327.0
2	411	2	1.0	328.0
2	412	2	1.0	329.0
2	413	2	1.0	330.0
2	414	2	1.0	331.0
2	415	2	1.0	332.0
2	416	2	1.0	333.0
2	417	2	0.0	333.0
2	418	2	1.0	334.0
2	419	2	1.0	335.0
2	420	2	1.0	336.0
2	421	2	1.0	337.0
2	422	2	1.0	338.0
2	423	2	1.0	339.0
2	424	2	1.0	340.0
2	425	2	1.0	341.0
2	426	2	1.0	342.0
2	427	2	0.0	342.0
2	428	2	1.0	343.0
2	429	2	1.0	344.0
2	430	2	1.0	345.0
2	431	2	0.0	345.0
2	432	3	0.0	345.0
2	433	4	1.0	346.0
2	434	4	0.0	346.0
2	435	2	1.0	347.0
2	436	2	0.0	347.0
2	437	2	1.0	348.0
2	438	2	1.0	349.0
2	439	2	1.0	350.0
2	440	2	1.0	351.0
2	441	2	1.0	352.0
2	442	2	0.0	352.0
2	443	2	1.0	353.0
2	444	2	1.0	354.0
2	445	2	1.0	355.0
2	446	2	0.0	355.0
2	447	2	0.0	355.0
2	448	2	1.0	356.0
2	449	2	1.0	357.0
2	450	2	1.0	358.0
2	451	2	1.0	359.0
2	452	2	1.0	360.0
2	453	2	1.0	361.0
2	454	2	1.0	362.0
2	455	2	1.0	363.0
2	456	2	1.0	364.0
2	457	2	1.0	365.0
2	458	2	1.0	366.0
2	459	2	1.0	367.0
2	460	2	1.0	368.0
2	461	2	1.0	369.0
2	462	2	1.0	370.0
2	463	2	1.0	371.0
2	464	2	1.0	372.0
2	465	2	0.0	372.0
2	466	4	0.0	372.0
2	467	2	1.0	373.0
2	468	2	1.0	374.0
2	469	2	1.0	375.0
2	470	2	0.0	375.0
2	471	2	1.0	376.0
2	472	2	1.0	377.0
2	473	2	1.0	378.0
2	474	2	1.0	379.0
2	475	2	0.0	379.0
2	476	2	1.0	380.0
2	477	2	1.0	381.0
2	478	2	1.0	382.0
2	479	2	1.0	383.0
2	480	2	1.0	384.0
2	481	2	1.0	385.0
2	482	2	1.0	386.0
2	483	2	1.0	387.0
2	484	2	1.0	388.0
2	485	2	0.0	388.0
2	486	0	0.0	388.0
2	487	1	0.0	388.0
2	488	2	0.0	388.0
2	489	2	1.0	389.0
2	490	2	1.0	390.0
2	491	2	1.0	391.0
2	492	2	1.0	392.0
2	493	2	1.0	393.0
2	494	2	1.0	394.0
2	495	2	1.0	395.0
2	496	2	1.0	396.0
2	497	2	1.0	397.0
2	498	2	1.0	398.0
2	499	2	1.0	399.0
2	500	2	1.0	400.0
3	1	0	0.0	0.0
3	2	1	0.0	0.0
3	3	2	1.0	1.0
3	4	3	0.0	1.0
3	5	4	0.0	1.0
3	6	2	1.0	2.0
3	7	2	1.0	3.0
3	8	2	1.0	4.0
3	9	0	0.0	4.0
3	10	1	0.0	4.0
3	11	3	0.0	4.0
3	12	4	0.0	4.0
3	13	2	1.0	5.0
3	14	2	1.0	6.0
3	15	2	1.0	7.0
3	16	2	1.0	8.0
3	17	2	1.0	9.0
3	18	2	1.0	10.0
3	19	2	1.0	11.0
3	20	2	1.0	12.0
3	21	0	0.0	12.0
3	22	1	0.0	12.0
3	23	3	0.0	12.0
3	24	4	0.0	12.0
3	25	2	1.0	13.0
3	26	2	1.0	14.0
3	27	2	1.0	15.0
3	28	2	1.0	16.0
3	29	2	1.0	17.0
3	30	2	1.0	18.0
3	31	2	1.0	19.0
3	32	2	1.0	20.0
3	33	2	1.0	21.0
3	34	2	1.0	22.0
3	35	2	1.0	23.0
3	36	2	1.0	24.0
3	37	2	1.0	25.0
3	38	0	0.0	25.0
3	39	1	0.0	25.0
3	40	3	0.0	25.0
3	41	4	1.0	26.0
3	42	4	1.0	27.0
3	43	4	0.0	27.0
3	44	2	1.0	28.0
3	45	2	1.0	29.0
3	46	2	1.0	30.0
3	47	2	1.0	31.0
3	48	2	0.0	31.0
3	49	2	1.0	32.0
3	50	4	0.0	32.0
3	51	2	1.0	33.0
3	52	2	1.0	34.0
3	53	2	1.0	35.0
3	54	2	1.0	36.0
3	55	2	1.0	37.0
3	56	2	1.0	38.0
3	57	2	1.0	39.0
3	58	2	1.0	40.0
3	59	2	1.0	41.0
3	60	0	0.0	41.0
3	61	1	0.0	41.0
3	62	3	0.0	41.0
3	63	2	1.0	42.0
3	64	2	1.0	43.0
3	65	2	1.0	44.0
3	66	2	1.0	45.0
3	67	2	1.0	46.0
3	68	2	0.0	46.0
3	69	2	1.0	47.0
3	70	4	0.0	47.0
3	71	2	1.0	48.0
3	72	2	1.0	49.0
3	73	2	1.0	50.0
3	74	2	1.0	51.0
3	75	2	0.0	51.0
3	76	2	1.0	52.0
3	77	2	1.0	53.0
3	78	2	1.0	54.0
3	79	2	1.0	55.0
3	80	2	1.0	56.0
3	81	2	1.0	57.0
3	82	2	1.0	58.0
3	83	2	1.0	59.0
3	84	2	1.0	60.0
3	85	2	1.0	61.0
3	86	0	0.0	61.0
3	87	1	0.0	61.0
3	88	3	0.0	61.0
3	89	2	1.0	62.0
3	90	2	1.0	63.0
3	91	2	1.0	64.0
3	92	2	1.0	65.0
3	93	2	1.0	66.0
3	94	2	1.0	67.0
3	95	2	1.0	68.0
3	96	2	1.0	69.0
3	97	2	1.0	70.0
3	98	4	0.0	70.0
3	99	2	1.0	71.0
3	100	2	1.0	72.0
3	101	2	1.0	73.0
3	102	2	1.0	74.0
3	103	2	1.0	75.0
3	104	2	1.0	76.0
3	105	2	1.0	77.0
3	106	2	1.0	78.0
3	107	2	1.0	79.0
3	108	2	1.0	80.0
3	109	2	1.0	81.0
3	110	2	1.0	82.0
3	111	2	1.0	83.0
3	112	2	1.0	84.0
3	113	2	1.0	85.0
3	114	2	1.0	86.0
3	115	2	0.0	86.0
3	116	2	1.0	87.0
3	117	2	1.0	88.0
3	118	2	1.0	89.0
3	119	2	1.0	90.0
3	120	2	1.0	91.0
3	121	2	1.0	92.0
3	122	2	1.0	93.0
3	123	2	1.0	94.0
3	124	2	1.0	95.0
3	125	2	1.0	96.0
3	126	2	1.0	97.0
3	127	2	1.0	98.0
3	128	2	1.0	99.0
3	129	0	0.0	99.0
3	130	1	0.0	99.0
3	131	3	0.0	99.0
3	132	2	1.0	100.0
3	133	2	1.0	101.0
3	134	2	0.0	101.0
3	135	4	0.0	101.0
3	136	2	1.0	102.0
3	137	2	1.0	103.0
3	138	2	1.0	104.0
3	139	2	1.0	105.0
3	140	2	1.0	106.0
3	141	2	1.0	107.0
3	142	2	1.0	108.0
3	143	2	1.0	109.0
3	144	2	0.0	109.0
3	145	2	1.0	110.0
3	146	2	1.0	111.0
3	147	2	1.0	112.0
3	148	2	1.0	113.0
3	149	2	1.0	114.0
3	150	2	1.0	115.0
3	151	2	1.0	116.0
3	152	2	1.0	117.0
3	153	2	1.0	118.0
3	154	2	1.0	119.0
3	155	2	1.0	120.0
3	156	2	1.0	121.0
3	157	2	1.0	122.0
3	158	2	0.0	122.0
3	159	2	0.0	122.0
3	160	2	1.0	123.0
3	161	2	1.0	124.0
3	162	2	1.0	125.0
3	163	2	1.0	126.0
3	164	2	1.0	127.0
3	165	2	1.0	128.0
3	166	2	1.0	129.0
3	167	2	1.0	130.0
3	168	2	1.0	131.0
3	169	2	1.0	132.0
3	170	2	0.0	132.0
3	171	4	0.0	132.0
3	172	0	0.0	132.0
3	173	1	0.0	132.0
3	174	3	0.0	132.0
3	175	2	0.0	132.0
3	176	2	1.0	133.0
3	177	2	1.0	134.0
3	178	2	1.0	135.0
3	179	2	1.0	136.0
3	180	2	1.0	137.0
3	181	2	1.0	138.0
3	182	2	1.0	139.0
3	183	2	1.0	140.0
3	184	2	1.0	141.0
3	185	2	1.0	142.0
3	186	2	1.0	143.0
3	187	2	1.0	144.0
3	188	2	1.0	145.0
3	189	2	1.0	146.0
3	190	2	1.0	147.0
3	191	2	1.0	148.0
3	192	2	1.0	149.0
3	193	2	1.0	150.0
3	194	2	0.0	150.0
3	195	2	1.0	151.0
3	196	2	1.0	152.0
3	197	2	1.0	153.0
3	198	2	1.0	154.0
3	199	2	1.0	155.0
3	200	2	1.0	156.0
3	201	2	1.0	157.0
3	202	2	1.0	158.0
3	203	2	0.0	158.0
3	204	2	1.0	159.0
3	205	2	1.0	160.0
3	206	2	1.0	161.0
3	207	2	1.0	162.0
3	208	2	1.0	163.0
3	209	2	1.0	164.0
3	210	2	1.0	165.0
3	211	2	1.0	166.0
3	212	2	1.0	167.0
3	213	2	1.0	168.0
3	214	2	1.0	169.0
3	215	2	0.0	169.0
3	216	2	1.0	170.0
3	217	2	1.0	171.0
3	218	2	1.0	172.0
3	219	2	1.0	173.0
3	220	4	1.0	174.0
3	221	4	1.0	175.0
3	222	4	0.0	175.0
3	223	2	1.0	176.0
3	224	2	1.0	177.0
3	225	2	1.0	178.0
3	226	2	1.0	179.0
3	227	2	1.0	180.0
3	228	2	0.0	180.0
3	229	4	0.0	180.0
3	230	0	0.0	180.0
3	231	1	1.0	181.0
3	232	1	0.0	181.0
3	233	3	0.0	181.0
3	234	2	1.0	182.0
3	235	2	0.0	182.0
3	236	2	1.0	183.0
3	237	2	1.0	184.0
3	238	2	1.0	185.0
3	239	2	1.0	186.0
3	240	2	0.0	186.0
3	241	2	0.0	186.0
3	242	2	1.0	187.0
3	243	2	1.0	188.0
3	244	2	1.0	189.0
3	245	2	1.0	190.0
3	246	2	0.0	190.0
3	247	1	0.0	190.0
3	248	2	1.0	191.0
3	249	2	1.0	192.0
3	250	2	1.0	193.0
3	251	2	1.0	194.0
3	252	2	1.0	195.0
3	253	2	0.0	195.0
3	254	2	1.0	196.0
3	255	2	1.0	197.0
3	256	2	1.0	198.0
3	257	2	1.0	199.0
3	258	2	1.0	200.0
3	259	2	1.0	201.0
3	260	2	1.0	202.0
3	261	2	1.0	203.0
3	262	2	1.0	204.0
3	263	2	1.0	205.0
3	264	2	1.0	206.0
3	265	2	1.0	207.0
3	266	2	1.0	208.0
3	267	2	0.0	208.0
3	268	2	1.0	209.0
3	269	2	1.0	210.0
3	270	2	0.0	210.0
3	271	4	0.0	210.0
3	272	2	1.0	211.0
3	273	2	1.0	212.0
3	274	2	1.0	213.0
3	275	2	0.0	213.0
3	276	2	1.0	214.0
3	277	2	1.0	215.0
3	278	2	1.0	216.0
3	279	2	1.0	217.0
3	280	2	1.0	218.0
3	281	2	1.0	219.0
3	282	2	1.0	220.0
3	283	2	1.0	221.0
3	284	2	1.0	222.0
3	285	2	1.0	223.0
3	286	2	1.0	224.0
3	287	2	1.0	225.0
3	288	2	1.0	226.0
3	289	2	1.0	227.0
3	290	2	1.0	228.0
3	291	2	1.0	229.0
3	292	2	1.0	230.0
3	293	2	1.0	231.0
3	294	2	1.0	232.0
3	295	2	1.0	233.0
3	296	2	1.0	234.0
3	297	2	1.0	235.0
3	298	2	1.0	236.0
3	299	2	1.0	237.0
3	300	0	0.0	237.0
3	301	3	0.0	237.0
3	302	2	1.0	238.0
3	303	2	1.0	239.0
3	304	2	1.0	240.0
3	305	2	1.0	241.0
3	306	2	1.0	242.0
3	307	2	1.0	243.0
3	308	2	1.0	244.0
3	309	2	1.0	245.0
3	310	2	1.0	246.0
3	311	2	1.0	247.0
3	312	2	1.0	248.0
3	313	2	1.0	249.0
3	314	2	1.0	250.0
3	315	2	1.0	251.0
3	316	2	1.0	252.0
3	317	2	1.0	253.0
3	318	2	1.0	254.0
3	319	2	1.0	255.0
3	320	2	1.0	256.0
3	321	2	1.0	257.0
3	322	2	1.0	258.0
3	323	2	1.0	259.0
3	324	2	1.0	260.0
3	325	2	1.0	261.0
3	326	2	1.0	262.0
3	327	2	1.0	263.0
3	328	2	0.0	263.0
3	329	2	1.0	264.0
3	330	2	1.0	265.0
3	331	2	1.0	266.0
3	332	2	1.0	267.0
3	333	2	1.0	268.0
3	334	2	1.0	269.0
3	335	2	1.0	270.0
3	336	2	1.0	271.0
3	337	2	1.0	272.0
3	338	2	1.0	273.0
3	339	2	1.0	274.0
3	340	2	1.0	275.0
3	341	2	1.0	276.0
3	342	2	1.0	277.0
3	343	2	1.0	278.0
3	344	1	0.0	278.0
3	345	2	1.0	279.0
3	346	2	1.0	280.0
3	347	2	1.0	281.0
3	348	2	1.0	282.0
3	349	2	0.0	282.0
3	350	2	1.0	283.0
3	351	2	1.0	284.0
3	352	2	1.0	285.0
3	353	2	1.0	286.0
3	354	2	1.0	287.0
3	355	2	1.0	288.0
3	356	2	1.0	289.0
3	357	2	1.0	290.0
3	358	2	0.0	290.0
3	359	2	1.0	291.0
3	360	2	1.0	292.0
3	361	2	1.0	293.0
3	362	2	0.0	293.0
3	363	2	1.0	294.0
3	364	2	1.0	295.0
3	365	2	1.0	296.0
3	366	2	1.0	297.0
3	367	2	1.0	298.0
3	368	2	1.0	299.0
3	369	2	1.0	300.0
3	370	2	1.0	301.0
3	371	2	1.0	302.0
3	372	2	1.0	303.0
3	373	2	1.0	304.0
3	374	2	1.0	305.0
3	375	2	1.0	306.0
3	376	2	0.0	306.0
3	377	4	0.0	306.0
3	378	2	1.0	307.0
3	379	2	0.0	307.0
3	380	2	1.0	308.0
3	381	2	1.0	309.0
3	382	2	1.0	310.0
3	383	2	1.0	311.0
3	384	2	1.0	312.0
3	385	2	1.0	313.0
3	386	2	1.0	314.0
3	387	2	1.0	315.0
3	388	2	1.0	316.0
3	389	2	1.0	317.0
3	390	2	1.0	318.0
3	391	2	1.0	319.0
3	392	2	0.0	319.0
3	393	2	0.0	319.0
3	394	2	1.0	320.0
3	395	2	1.0	321.0
3	396	2	1.0	322.0
3	397	2	1.0	323.0
3	398	2	1.0	324.0
3	399	2	0.0	324.0
3	400	2	1.0	325.0
3	401	2	1.0	326.0
3	402	2	1.0	327.0
3	403	2	1.0	328.0
3	404	2	1.0	329.0
3	405	2	1.0	330.0
3	406	2	1.0	331.0
3	407	2	0.0	331.0
3	408	0	0.0	331.0
3	409	3	1.0	332.0
3	410	3	0.0	332.0
3	411	2	1.0	333.0
3	412	2	1.0	334.0
3	413	2	1.0	335.0
3	414	2	1.0	336.0
3	415	2	0.0	336.0
3	416	2	1.0	337.0
3	417	2	1.0	338.0
3	418	2	1.0	339.0
3	419	2	0.0	339.0
3	420	2	1.0	340.0
3	421	2	1.0	341.0
3	422	2	0.0	341.0
3	423	1	0.0	341.0
3	424	3	0.0	341.0
3	425	2	1.0	342.0
3	426	2	1.0	343.0
3	427	2	0.0	343.0
3	428	2	1.0	344.0
3	429	2	0.0	344.0
3	430	2	1.0	345.0
3	431	2	0.0	345.0
3	432	4	0.0	345.0
3	433	2	1.0	346.0
3	434	2	1.0	347.0
3	435	2	1.0	348.0
3	436	2	1.0	349.0
3	437	2	1.0	350.0
3	438	2	1.0	351.0
3	439	2	1.0	352.0
3	440	2	1.0	353.0
3	441	2	1.0	354.0
3	442	2	1.0	355.0
3	443	2	1.0	356.0
3	444	2	0.0	356.0
3	445	2	1.0	357.0
3	446	2	1.0	358.0
3	447	2	1.0	359.0
3	448	2	1.0	360.0
3	449	2	1.0	361.0
3	450	2	0.0	361.0
3	451	2	1.0	362.0
3	452	2	1.0	363.0
3	453	2	1.0	364.0
3	454	2	1.0	365.0
3	455	2	1.0	366.0
3	456	2	1.0	367.0
3	457	2	1.0	368.0
3	458	2	1.0	369.0
3	459	2	1.0	370.0
3	460	2	1.0	371.0
3	461	2	1.0	372.0
3	462	2	1.0	373.0
3	463	2	1.0	374.0
3	464	2	1.0	375.0
3	465	2	1.0	376.0
3	466	2	1.0	377.0
3	467	2	1.0	378.0
3	468	2	1.0	379.0
3	469	2	1.0	380.0
3	470	2	1.0	381.0
3	471	2	1.0	382.0
3	472	2	0.0	382.0
3	473	2	1.0	383.0
3	474	2	1.0	384.0
3	475	2	1.0	385.0
3	476	2	1.0	386.0
3	477	2	1.0	387.0
3	478	2	1.0	388.0
3	479	2	1.0	389.0
3	480	2	0.0	389.0
3	481	2	1.0	390.0
3	482	2	1.0	391.0
3	483	2	1.0	392.0
3	484	2	1.0	393.0
3	485	2	1.0	394.0
3	486	2	0.0	394.0
3	487	2	1.0	395.0
3	488	2	1.0	396.0
3	489	2	1.0	397.0
3	490	2	1.0	398.0
3	491	2	1.0	399.0
3	492	2	1.0	400.0
3	493	2	1.0	401.0
3	494	2	1.0	402.0
3	495	2	1.0	403.0
3	496	2	1.0	404.0
3	497	2	1.0	405.0
3	498	2	0.0	405.0
3	499	2	1.0	406.0
3	500	2	1.0	407.0
4	1	0	0.0	0.0
4	2	1	0.0	0.0
4	3	2	1.0	1.0
4	4	3	0.0	1.0
4	5	4	0.0	1.0
4	6	2	1.0	2.0
4	7	2	1.0	3.0
4	8	2	1.0	4.0
4	9	0	0.0	4.0
4	10	1	0.0	4.0
4	11	3	0.0	4.0
4	12	4	1.0	5.0
4	13	2	1.0	6.0
4	14	4	0.0	6.0
4	15	2	1.0	7.0
4	16	2	1.0	8.0
4	17	2	0.0	8.0
4	18	2	1.0	9.0
4	19	4	0.0	9.0
4	20	0	0.0	9.0
4	21	1	0.0	9.0
4	22	3	0.0	9.0
4	23	2	1.0	10.0
4	24	2	1.0	11.0
4	25	2	1.0	12.0
4	26	2	0.0	12.0
4	27	2	1.0	13.0
4	28	2	0.0	13.0
4	29	4	0.0	13.0
4	30	0	0.0	13.0
4	31	1	0.0	13.0
4	32	3	1.0	14.0
4	33	3	0.0	14.0
4	34	2	1.0	15.0
4	35	2	1.0	16.0
4	36	2	1.0	17.0
4	37	2	1.0	18.0
4	38	2	1.0	19.0
4	39	2	1.0	20.0
4	40	2	1.0	21.0
4	41	2	1.0	22.0
4	42	2	1.0	23.0
4	43	2	1.0	24.0
4	44	2	1.0	25.0
4	45	3	0.0	25.0
4	46	4	0.0	25.0
4	47	2	1.0	26.0
4	48	2	1.0	27.0
4	49	2	1.0	28.0
4	50	2	1.0	29.0
4	51	2	1.0	30.0
4	52	2	1.0	31.0
4	53	0	0.0	31.0
4	54	1	0.0	31.0
4	55	2	1.0	32.0
4	56	2	1.0	33.0
4	57	2	1.0	34.0
4	58	2	1.0	35.0
4	59	2	1.0	36.0
4	60	2	1.0	37.0
4	61	2	0.0	37.0
4	62	2	1.0	38.0
4	63	2	1.0	39.0
4	64	2	1.0	40.0
4	65	2	1.0	41.0
4	66	2	1.0	42.0
4	67	3	0.0	42.0
4	68	4	0.0	42.0
4	69	2	0.0	42.0
4	70	2	1.0	43.0
4	71	2	1.0	44.0
4	72	2	1.0	45.0
4	73	2	1.0	46.0
4	74	2	1.0	47.0
4	75	2	1.0	48.0
4	76	0	0.0	48.0
4	77	1	0.0	48.0
4	78	2	1.0	49.0
4	79	2	1.0	50.0
4	80	2	1.0	51.0
4	81	2	1.0	52.0
4	82	2	1.0	53.0
4	83	2	1.0	54.0
4	84	2	1.0	55.0
4	85	2	1.0	56.0
4	86	2	1.0	57.0
4	87	2	1.0	58.0
4	88	2	1.0	59.0
4	89	2	1.0	60.0
4	90	2	1.0	61.0
4	91	2	1.0	62.0
4	92	2	1.0	63.0
4	93	2	1.0	64.0
4	94	2	1.0	65.0
4	95	2	0.0	65.0
4	96	3	0.0	65.0
4	97	4	0.0	65.0
4	98	2	1.0	66.0
4	99	2	1.0	67.0
4	100	2	1.0	68.0
4	101	2	1.0	69.0
4	102	2	1.0	70.0
4	103	2	1.0	71.0
4	104	2	1.0	72.0
4	105	2	1.0	73.0
4	106	2	1.0	74.0
4	107	2	1.0	75.0
4	108	2	1.0	76.0
4	109	2	1.0	77.0
4	110	2	1.0	78.0
4	111	2	1.0	79.0
4	112	2	1.0	80.0
4	113	2	1.0	81.0
4	114	2	1.0	82.0
4	115	2	0.0	82.0
4	116	0	0.0	82.0
4	117	1	0.0	82.0
4	118	2	1.0	83.0
4	119	2	0.0	83.0
4	120	2	1.0	84.0
4	121	2	1.0	85.0
4	122	2	0.0	85.0
4	123	2	1.0	86.0
4	124	2	1.0	87.0
4	125	2	1.0	88.0
4	126	2	1.0	89.0
4	127	3	0.0	89.0
4	128	4	0.0	89.0
4	129	2	1.0	90.0
4	130	2	1.0	91.0
4	131	2	1.0	92.0
4	132	2	1.0	93.0
4	133	2	1.0	94.0
4	134	2	1.0	95.0
4	135	2	1.0	96.0
4	136	2	0.0	96.0
4	137	2	1.0	97.0
4	138	2	1.0	98.0
4	139	2	1.0	99.0
4	140	2	1.0	100.0
4	141	2	1.0	101.0
4	142	2	1.0	102.0
4	143	2	1.0	103.0
4	144	2	0.0	103.0
4	145	2	1.0	104.0
4	146	2	1.0	105.0
4	147	2	1.0	106.0
4	148	2	1.0	107.0
4	149	2	1.0	108.0
4	150	2	1.0	109.0
4	151	2	1.0	110.0
4	152	2	1.0	111.0
4	153	0	0.0	111.0
4	154	1	0.0	111.0
4	155	2	1.0	112.0
4	156	2	1.0	113.0
4	157	2	1.0	114.0
4	158	2	1.0	115.0
4	159	2	1.0	116.0
4	160	2	1.0	117.0
4	161	2	1.0	118.0
4	162	2	1.0	119.0
4	163	2	1.0	120.0
4	164	2	1.0	121.0
4	165	2	1.0	122.0
4	166	2	1.0	123.0
4	167	2	1.0	124.0
4	168	2	1.0	125.0
4	169	2	1.0	126.0
4	170	2	1.0	127.0
4	171	2	0.0	127.0
4	172	2	1.0	128.0
4	173	2	1.0	129.0
4	174	2	1.0	130.0
4	175	2	1.0	131.0
4	176	2	1.0	132.0
4	177	2	1.0	133.0
4	178	2	1.0	134.0
4	179	2	0.0	134.0
4	180	3	0.0	134.0
4	181	4	1.0	135.0
4	182	4	1.0	136.0
4	183	4	1.0	137.0
4	184	4	0.0	137.0
4	185	4	0.0	137.0
4	186	2	1.0	138.0
4	187	2	1.0	139.0
4	188	2	1.0	140.0
4	189	2	1.0	141.0
4	190	2	1.0	142.0
4	191	2	1.0	143.0
4	192	2	1.0	144.0
4	193	2	1.0	145.0
4	194	2	1.0	146.0
4	195	2	1.0	147.0
4	196	2	1.0	148.0
4	197	2	1.0	149.0
4	198	2	1.0	150.0
4	199	2	1.0	151.0
4	200	2	1.0	152.0
4	201	2	1.0	153.0
4	202	2	1.0	154.0
4	203	2	1.0	155.0
4	204	2	1.0	156.0
4	205	2	1.0	157.0
4	206	2	1.0	158.0
4	207	2	1.0	159.0
4	208	2	1.0	160.0
4	209	2	1.0	161.0
4	210	2	1.0	162.0
4	211	2	0.0	162.0
4	212	2	1.0	163.0
4	213	2	1.0	164.0
4	214	2	1.0	165.0
4	215	2	1.0	166.0
4	216	2	1.0	167.0
4	217	2	1.0	168.0
4	218	2	1.0	169.0
4	219	2	1.0	170.0
4	220	2	1.0	171.0
4	221	2	1.0	172.0
4	222	2	1.0	173.0
4	223	2	1.0	174.0
4	224	2	1.0	175.0
4	225	2	1.0	176.0
4	226	2	1.0	177.0
4	227	2	1.0	178.0
4	228	4	0.0	178.0
4	229	2	0.0	178.0
4	230	0	0.0	178.0
4	231	1	0.0	178.0
4	232	2	1.0	179.0
4	233	2	1.0	180.0
4	234	2	1.0	181.0
4	235	2	1.0	182.0
4	236	2	1.0	183.0
4	237	2	1.0	184.0
4	238	2	1.0	185.0
4	239	2	1.0	186.0
4	240	2	1.0	187.0
4	241	2	1.0	188.0
4	242	2	1.0	189.0
4	243	2	1.0	190.0
4	244	2	1.0	191.0
4	245	2	1.0	192.0
4	246	2	1.0	193.0
4	247	2	1.0	194.0
4	248	2	1.0	195.0
4	249	2	1.0	196.0
4	250	2	0.0	196.0
4	251	2	1.0	197.0
4	252	2	1.0	198.0
4	253	2	1.0	199.0
4	254	2	1.0	200.0
4	255	2	1.0	201.0
4	256	2	1.0	202.0
4	257	3	0.0	202.0
4	258	2	0.0	202.0
4	259	2	1.0	203.0
4	260	2	1.0	204.0
4	261	2	1.0	205.0
4	262	2	1.0	206.0
4	263	2	1.0	207.0
4	264	2	1.0	208.0
4	265	2	1.0	209.0
4	266	2	1.0	210.0
4	267	2	1.0	211.0
4	268	2	1.0	212.0
4	269	2	1.0	213.0
4	270	2	1.0	214.0
4	271	2	1.0	215.0
4	272	2	1.0	216.0
4	273	2	1.0	217.0
4	274	2	1.0	218.0
4	275	2	1.0	219.0
4	276	2	1.0	220.0
4	277	2	1.0	221.0
4	278	2	1.0	222.0
4	279	2	1.0	223.0
4	280	2	1.0	224.0
4	281	2	1.0	225.0
4	282	2	1.0	226.0
4	283	2	1.0	227.0
4	284	2	1.0	228.0
4	285	2	0.0	228.0
4	286	2	1.0	229.0
4	287	2	1.0	230.0
4	288	2	1.0	231.0
4	289	2	1.0	232.0
4	290	2	1.0	233.0
4	291	2	0.0	233.0
4	292	2	1.0	234.0
4	293	2	1.0	235.0
4	294	2	1.0	236.0
4	295	2	0.0	236.0
4	296	4	0.0	236.0
4	297	2	1.0	237.0
4	298	2	1.0	238.0
4	299	2	1.0	239.0
4	300	2	1.0	240.0
4	301	2	1.0	241.0
4	302	2	1.0	242.0
4	303	2	1.0	243.0
4	304	2	0.0	243.0
4	305	2	1.0	244.0
4	306	2	1.0	245.0
4	307	2	1.0	246.0
4	308	2	0.0	246.0
4	309	0	0.0	246.0
4	310	1	0.0	246.0
4	311	2	1.0	247.0
4	312	2	1.0	248.0
4	313	2	1.0	249.0
4	314	2	1.0	250.0
4	315	2	1.0	251.0
4	316	2	0.0	251.0
4	317	2	1.0	252.0
4	318	2	1.0	253.0
4	319	2	1.0	254.0
4	320	2	1.0	255.0
4	321	2	1.0	256.0
4	322	2	1.0	257.0
4	323	2	1.0	258.0
4	324	2	1.0	259.0
4	325	2	1.0	260.0
4	326	2	1.0	261.0
4	327	2	0.0	261.0
4	328	2	1.0	262.0
4	329	2	0.0	262.0
4	330	3	0.0	262.0
4	331	2	1.0	263.0
4	332	2	1.0	264.0
4	333	2	1.0	265.0
4	334	2	1.0	266.0
4	335	2	1.0	267.0
4	336	2	1.0	268.0
4	337	2	1.0	269.0
4	338	2	1.0	270.0
4	339	2	1.0	271.0
4	340	2	1.0	272.0
4	341	2	1.0	273.0
4	342	2	1.0	274.0
4	343	2	1.0	275.0
4	344	2	1.0	276.0
4	345	2	1.0	277.0
4	346	2	1.0	278.0
4	347	2	1.0	279.0
4	348	2	1.0	280.0
4	349	2	1.0	281.0
4	350	2	1.0	282.0
4	351	2	1.0	283.0
4	352	2	1.0	284.0
4	353	2	1.0	285.0
4	354	2	1.0	286.0
4	355	2	1.0	287.0
4	356	2	1.0	288.0
4	357	2	0.0	288.0
4	358	2	1.0	289.0
4	359	2	1.0	290.0
4	360	2	1.0	291.0
4	361	2	1.0	292.0
4	362	2	1.0	293.0
4	363	2	1.0	294.0
4	364	2	1.0	295.0
4	365	2	1.0	296.0
4	366	2	1.0	297.0
4	367	2	1.0	298.0
4	368	2	1.0	299.0
4	369	2	1.0	300.0
4	370	2	0.0	300.0
4	371	4	0.0	300.0
4	372	2	1.0	301.0
4	373	2	1.0	302.0
4	374	2	1.0	303.0
4	375	2	1.0	304.0
4	376	2	1.0	305.0
4	377	2	1.0	306.0
4	378	2	1.0	307.0
4	379	2	1.0	308.0
4	380	2	1.0	309.0
4	381	2	1.0	310.0
4	382	2	1.0	311.0
4	383	2	1.0	312.0
4	384	2	1.0	313.0
4	385	2	1.0	314.0
4	386	2	1.0	315.0
4	387	2	1.0	316.0
4	388	2	0.0	316.0
4	389	2	1.0	317.0
4	390	2	1.0	318.0
4	391	2	1.0	319.0
4	392	2	1.0	320.0
4	393	2	0.0	320.0
4	394	2	1.0	321.0
4	395	2	1.0	322.0
4	396	2	1.0	323.0
4	397	2	1.0	324.0
4	398	2	1.0	325.0
4	399	2	1.0	326.0
4	400	2	1.0	327.0
4	401	2	1.0	328.0
4	402	2	1.0	329.0
4	403	2	1.0	330.0
4	404	2	1.0	331.0
4	405	2	1.0	332.0
4	406	2	1.0	333.0
4	407	2	1.0	334.0
4	408	2	1.0	335.0
4	409	2	1.0	336.0
4	410	2	0.0	336.0
4	411	2	1.0	337.0
4	412	2	1.0	338.0
4	413	2	1.0	339.0
4	414	2	1.0	340.0
4	415	2	1.0	341.0
4	416	2	1.0	342.0
4	417	2	1.0	343.0
4	418	2	1.0	344.0
4	419	2	0.0	344.0
4	420	0	0.0	344.0
4	421	1	0.0	344.0
4	422	2	1.0	345.0
4	423	2	1.0	346.0
4	424	2	1.0	347.0
4	425	2	1.0	348.0
4	426	2	1.0	349.0
4	427	2	1.0	350.0
4	428	2	1.0	351.0
4	429	2	1.0	352.0
4	430	2	1.0	353.0
4	431	2	1.0	354.0
4	432	2	1.0	355.0
4	433	2	1.0	356.0
4	434	2	1.0	357.0
4	435	2	1.0	358.0
4	436	2	1.0	359.0
4	437	2	1.0	360.0
4	438	2	1.0	361.0
4	439	2	1.0	362.0
4	440	2	1.0	363.0
4	441	2	1.0	364.0
4	442	2	0.0	364.0
4	443	2	1.0	365.0
4	444	2	0.0	365.0
4	445	2	1.0	366.0
4	446	2	1.0	367.0
4	447	2	1.0	368.0
4	448	2	1.0	369.0
4	449	2	1.0	370.0
4	450	2	1.0	371.0
4	451	3	0.0	371.0
4	452	2	1.0	372.0
4	453	2	0.0	372.0
4	454	2	0.0	372.0
4	455	2	1.0	373.0
4	456	2	1.0	374.0
4	457	2	0.0	374.0
4	458	2	1.0	375.0
4	459	2	1.0	376.0
4	460	2	0.0	376.0
4	461	4	0.0	376.0
4	462	2	1.0	377.0
4	463	2	1.0	378.0
4	464	2	1.0	379.0
4	465	2	1.0	380.0
4	466	2	1.0	381.0
4	467	2	1.0	382.0
4	468	2	1.0	383.0
4	469	2	0.0	383.0
4	470	2	1.0	384.0
4	471	2	1.0	385.0
4	472	2	1.0	386.0
4	473	2	1.0	387.0
4	474	2	1.0	388.0
4	475	2	0.0	388.0
4	476	2	1.0	389.0
4	477	2	1.0	390.0
4	478	2	1.0	391.0
4	479	2	1.0	392.0
4	480	2	1.0	393.0
4	481	2	1.0	394.0
4	482	2	1.0	395.0
4	483	2	1.0	396.0
4	484	2	1.0	397.0
4	485	2	1.0	398.0
4	486	2	1.0	399.0
4	487	2	1.0	400.0
4	488	2	1.0	401.0
4	489	2	1.0	402.0
4	490	2	1.0	403.0
4	491	2	1.0	404.0
4	492	2	1.0	405.0
4	493	2	1.0	406.0
4	494	2	1.0	407.0
4	495	2	0.0	407.0
4	496	2	1.0	408.0
4	497	2	1.0	409.0
4	498	2	0.0	409.0
4	499	2	1.0	410.0
4	500	2	1.0	411.0
5	1	0	0.0	0.0
5	2	1	0.0	0.0
5	3	2	1.0	1.0
5	4	3	0.0	1.0
5	5	4	0.0	1.0
5	6	2	1.0	2.0
5	7	2	0.0	2.0
5	8	0	0.0	2.0
5	9	1	0.0	2.0
5	10	3	0.0	2.0
5	11	4	0.0	2.0
5	12	2	1.0	3.0
5	13	2	1.0	4.0
5	14	2	1.0	5.0
5	15	2	0.0	5.0
5	16	0	0.0	5.0
5	17	1	0.0	5.0
5	18	3	0.0	5.0
5	19	4	0.0	5.0
5	20	2	1.0	6.0
5	21	2	1.0	7.0
5	22	2	1.0	8.0
5	23	2	1.0	9.0
5	24	2	1.0	10.0
5	25	2	1.0	11.0
5	26	2	0.0	11.0
5	27	0	0.0	11.0
5	28	1	0.0	11.0
5	29	3	0.0	11.0
5	30	4	0.0	11.0
5	31	2	1.0	12.0
5	32	2	1.0	13.0
5	33	2	1.0	14.0
5	34	2	1.0	15.0
5	35	2	1.0	16.0
5	36	2	1.0	17.0
5	37	2	1.0	18.0
5	38	2	1.0	19.0
5	39	2	1.0	20.0
5	40	2	1.0	21.0
5	41	2	1.0	22.0
5	42	2	1.0	23.0
5	43	2	1.0	24.0
5	44	2	1.0	25.0
5	45	2	1.0	26.0
5	46	2	1.0	27.0
5	47	2	1.0	28.0
5	48	2	1.0	29.0
5	49	2	1.0	30.0
5	50	0	0.0	30.0
5	51	1	0.0	30.0
5	52	3	0.0	30.0
5	53	4	0.0	30.0
5	54	2	1.0	31.0
5	55	2	1.0	32.0
5	56	2	0.0	32.0
5	57	2	1.0	33.0
5	58	2	1.0	34.0
5	59	2	1.0	35.0
5	60	2	1.0	36.0
5	61	2	1.0	37.0
5	62	2	1.0	38.0
5	63	2	1.0	39.0
5	64	2	1.0	40.0
5	65	2	1.0	41.0
5	66	2	1.0	42.0
5	67	2	1.0	43.0
5	68	2	1.0	44.0
5	69	2	1.0	45.0
5	70	2	1.0	46.0
5	71	2	1.0	47.0
5	72	2	0.0	47.0
5	73	2	1.0	48.0
5	74	0	0.0	48.0
5	75	1	0.0	48.0
5	76	3	0.0	48.0
5	77	4	0.0	48.0
5	78	2	1.0	49.0
5	79	2	1.0	50.0
5	80	2	1.0	51.0
5	81	2	1.0	52.0
5	82	2	1.0	53.0
5	83	2	1.0	54.0
5	84	2	1.0	55.0
5	85	2	1.0	56.0
5	86	2	1.0	57.0
5	87	2	1.0	58.0
5	88	2	1.0	59.0
5	89	2	1.0	60.0
5	90	2	0.0	60.0
5	91	2	0.0	60.0
5	92	2	1.0	61.0
5	93	2	1.0	62.0
5	94	2	1.0	63.0
5	95	2	1.0	64.0
5	96	2	1.0	65.0
5	97	2	1.0	66.0
5	98	2	1.0	67.0
5	99	2	1.0	68.0
5	100	2	1.0	69.0
5	101	2	1.0	70.0
5	102	2	1.0	71.0
5	103	2	1.0	72.0
5	104	2	1.0	73.0
5	105	2	1.0	74.0
5	106	2	1.0	75.0
5	107	2	1.0	76.0
5	108	2	0.0	76.0
5	109	0	0.0	76.0
5	110	1	0.0	76.0
5	111	3	0.0	76.0
5	112	4	0.0	76.0
5	113	2	1.0	77.0
5	114	2	1.0	78.0
5	115	2	0.0	78.0
5	116	2	0.0	78.0
5	117	2	1.0	79.0
5	118	2	1.0	80.0
5	119	2	0.0	80.0
5	120	2	1.0	81.0
5	121	2	0.0	81.0
5	122	2	1.0	82.0
5	123	2	1.0	83.0
5	124	2	1.0	84.0
5	125	2	1.0	85.0
5	126	2	1.0	86.0
5	127	2	1.0	87.0
5	128	2	1.0	88.0
5	129	2	1.0	89.0
5	130	2	1.0	90.0
5	131	2	1.0	91.0
5	132	2	1.0	92.0
5	133	2	1.0	93.0
5	134	2	1.0	94.0
5	135	2	1.0	95.0
5	136	2	0.0	95.0
5	137	0	1.0	96.0
5	138	0	0.0	96.0
5	139	1	0.0	96.0
5	140	3	0.0	96.0
5	141	4	0.0	96.0
5	142	2	1.0	97.0
5	143	2	1.0	98.0
5	144	2	1.0	99.0
5	145	2	1.0	100.0
5	146	2	1.0	101.0
5	147	2	1.0	102.0
5	148	2	1.0	103.0
5	149	2	1.0	104.0
5	150	2	1.0	105.0
5	151	2	0.0	105.0
5	152	2	1.0	106.0
5	153	2	1.0	107.0
5	154	2	1.0	108.0
5	155	2	1.0	109.0
5	156	2	1.0	110.0
5	157	2	1.0	111.0
5	158	2	1.0	112.0
5	159	2	1.0	113.0
5	160	2	1.0	114.0
5	161	0	0.0	114.0
5	162	2	1.0	115.0
5	163	2	1.0	116.0
5	164	2	0.0	116.0
5	165	2	1.0	117.0
5	166	2	1.0	118.0
5	167	2	1.0	119.0
5	168	2	1.0	120.0
5	169	2	1.0	121.0
5	170	2	1.0	122.0
5	171	2	1.0	123.0
5	172	2	1.0	124.0
5	173	2	1.0	125.0
5	174	2	1.0	126.0
5	175	2	1.0	127.0
5	176	2	1.0	128.0
5	177	2	1.0	129.0
5	178	2	1.0	130.0
5	179	2	1.0	131.0
5	180	2	1.0	132.0
5	181	2	1.0	133.0
5	182	2	1.0	134.0
5	183	2	1.0	135.0
5	184	2	1.0	136.0
5	185	2	1.0	137.0
5	186	2	1.0	138.0
5	187	2	1.0	139.0
5	188	2	1.0	140.0
5	189	2	1.0	141.0
5	190	2	1.0	142.0
5	191	2	1.0	143.0
5	192	2	1.0	144.0
5	193	2	0.0	144.0
5	194	2	1.0	145.0
5	195	2	1.0	146.0
5	196	2	1.0	147.0
5	197	2	1.0	148.0
5	198	2	1.0	149.0
5	199	2	1.0	150.0
5	200	2	1.0	151.0
5	201	2	1.0	152.0
5	202	2	1.0	153.0
5	203	2	1.0	154.0
5	204	2	1.0	155.0
5	205	2	1.0	156.0
5	206	2	1.0	157.0
5	207	2	1.0	158.0
5	208	2	1.0	159.0
5	209	2	1.0	160.0
5	210	1	0.0	160.0
5	211	3	1.0	161.0
5	212	3	1.0	162.0
5	213	3	0.0	162.0
5	214	3	0.0	162.0
5	215	4	0.0	162.0
5	216	2	1.0	163.0
5	217	2	1.0	164.0
5	218	2	1.0	165.0
5	219	2	1.0	166.0
5	220	2	1.0	167.0
5	221	2	0.0	167.0
5	222	2	1.0	168.0
5	223	2	1.0	169.0
5	224	2	1.0	170.0
5	225	2	0.0	170.0
5	226	2	1.0	171.0
5	227	2	1.0	172.0
5	228	2	1.0	173.0
5	229	2	1.0	174.0
5	230	2	1.0	175.0
5	231	2	1.0	176.0
5	232	2	1.0	177.0
5	233	2	1.0	178.0
5	234	2	1.0	179.0
5	235	0	0.0	179.0
5	236	2	0.0	179.0
5	237	2	1.0	180.0
5	238	2	1.0	181.0
5	239	2	1.0	182.0
5	240	2	1.0	183.0
5	241	2	0.0	183.0
5	242	2	1.0	184.0
5	243	2	1.0	185.0
5	244	2	1.0	186.0
5	245	2	1.0	187.0
5	246	2	1.0	188.0
5	247	2	1.0	189.0
5	248	2	1.0	190.0
5	249	2	1.0	191.0
5	250	2	1.0	192.0
5	251	2	1.0	193.0
5	252	2	1.0	194.0
5	253	2	1.0	195.0
5	254	2	0.0	195.0
5	255	2	1.0	196.0
5	256	2	0.0	196.0
5	257	3	0.0	196.0
5	258	2	1.0	197.0
5	259	2	1.0	198.0
5	260	2	1.0	199.0
5	261	2	1.0	200.0
5	262	2	1.0	201.0
5	263	2	1.0	202.0
5	264	2	1.0	203.0
5	265	2	1.0	204.0
5	266	2	1.0	205.0
5	267	2	1.0	206.0
5	268	2	1.0	207.0
5	269	2	1.0	208.0
5	270	2	1.0	209.0
5	271	2	1.0	210.0
5	272	2	1.0	211.0
5	273	2	1.0	212.0
5	274	2	1.0	213.0
5	275	2	1.0	214.0
5	276	2	1.0	215.0
5	277	2	0.0	215.0
5	278	2	1.0	216.0
5	279	2	1.0	217.0
5	280	2	1.0	218.0
5	281	2	1.0	219.0
5	282	2	1.0	220.0
5	283	2	1.0	221.0
5	284	2	1.0	222.0
5	285	2	1.0	223.0
5	286	2	0.0	223.0
5	287	1	0.0	223.0
5	288	4	0.0	223.0
5	289	2	1.0	224.0
5	290	2	1.0	225.0
5	291	2	0.0	225.0
5	292	2	1.0	226.0
5	293	2	1.0	227.0
5	294	2	0.0	227.0
5	295	2	1.0	228.0
5	296	2	1.0	229.0
5	297	2	1.0	230.0
5	298	2	1.0	231.0
5	299	2	1.0	232.0
5	300	2	1.0	233.0
5	301	2	1.0	234.0
5	302	2	0.0	234.0
5	303	0	0.0	234.0
5	304	2	1.0	235.0
5	305	2	1.0	236.0
5	306	2	1.0	237.0
5	307	2	1.0	238.0
5	308	2	1.0	239.0
5	309	2	1.0	240.0
5	310	2	0.0	240.0
5	311	2	1.0	241.0
5	312	2	1.0	242.0
5	313	2	1.0	243.0
5	314	2	1.0	244.0
5	315	2	1.0	245.0
5	316	2	1.0	246.0
5	317	2	1.0	247.0
5	318	2	1.0	248.0
5	319	2	1.0	249.0
5	320	2	1.0	250.0
5	321	2	1.0	251.0
5	322	2	1.0	252.0
5	323	2	1.0	253.0
5	324	2	1.0	254.0
5	325	2	1.0	255.0
5	326	2	1.0	256.0
5	327	2	1.0	257.0
5	328	2	1.0	258.0
5	329	2	1.0	259.0
5	330	2	1.0	260.0
5	331	2	1.0	261.0
5	332	2	1.0	262.0
5	333	2	1.0	263.0
5	334	2	1.0	264.0
5	335	2	1.0	265.0
5	336	2	0.0	265.0
5	337	2	1.0	266.0
5	338	2	1.0	267.0
5	339	2	1.0	268.0
5	340	3	0.0	268.0
5	341	2	1.0	269.0
5	342	2	1.0	270.0
5	343	2	1.0	271.0
5	344	2	1.0	272.0
5	345	2	1.0	273.0
5	346	2	1.0	274.0
5	347	2	1.0	275.0
5	348	2	1.0	276.0
5	349	2	1.0	277.0
5	350	2	1.0	278.0
5	351	2	1.0	279.0
5	352	2	0.0	279.0
5	353	2	0.0	279.0
5	354	2	1.0	280.0
5	355	2	1.0	281.0
5	356	2	0.0	281.0
5	357	2	1.0	282.0
5	358	2	1.0	283.0
5	359	2	1.0	284.0
5	360	2	1.0	285.0
5	361	2	1.0	286.0
5	362	2	1.0	287.0
5	363	2	0.0	287.0
5	364	2	1.0	288.0
5	365	2	1.0	289.0
5	366	2	1.0	290.0
5	367	2	1.0	291.0
5	368	2	1.0	292.0
5	369	2	1.0	293.0
5	370	2	1.0	294.0
5	371	2	1.0	295.0
5	372	2	1.0	296.0
5	373	2	0.0	296.0
5	374	1	0.0	296.0
5	375	4	0.0	296.0
5	376	2	1.0	297.0
5	377	2	1.0	298.0
5	378	2	1.0	299.0
5	379	2	1.0	300.0
5	380	2	1.0	301.0
5	381	2	1.0	302.0
5	382	2	1.0	303.0
5	383	2	1.0	304.0
5	384	2	1.0	305.0
5	385	2	1.0	306.0
5	386	2	1.0	307.0
5	387	2	1.0	308.0
5	388	2	1.0	309.0
5	389	2	1.0	310.0
5	390	2	1.0	311.0
5	391	2	1.0	312.0
5	392	2	1.0	313.0
5	393	2	1.0	314.0
5	394	2	1.0	315.0
5	395	2	1.0	316.0
5	396	2	1.0	317.0
5	397	2	1.0	318.0
5	398	2	1.0	319.0
5	399	2	1.0	320.0
5	400	2	1.0	321.0
5	401	2	1.0	322.0
5	402	2	0.0	322.0
5	403	2	1.0	323.0
5	404	2	1.0	324.0
5	405	2	1.0	325.0
5	406	2	1.0	326.0
5	407	2	1.0	327.0
5	408	2	1.0	328.0
5	409	2	1.0	329.0
5	410	2	1.0	330.0
5	411	2	1.0	331.0
5	412	2	1.0	332.0
5	413	2	1.0	333.0
5	414	2	1.0	334.0
5	415	2	1.0	335.0
5	416	2	1.0	336.0
5	417	2	1.0	337.0
5	418	0	0.0	337.0
5	419	2	0.0	337.0
5	420	2	1.0	338.0
5	421	2	1.0	339.0
5	422	2	0.0	339.0
5	423	2	1.0	340.0
5	424	2	1.0	341.0
5	425	2	1.0	342.0
5	426	2	1.0	343.0
5	427	2	1.0	344.0
5	428	2	1.0	345.0
5	429	2	0.0	345.0
5	430	2	1.0	346.0
5	431	2	1.0	347.0
5	432	2	1.0	348.0
5	433	2	1.0	349.0
5	434	2	0.0	349.0
5	435	2	1.0	350.0
5	436	2	1.0	351.0
5	437	2	1.0	352.0
5	438	2	1.0	353.0
5	439	2	1.0	354.0
5	440	2	1.0	355.0
5	441	2	1.0	356.0
5	442	2	1.0	357.0
5	443	2	0.0	357.0
5	444	3	1.0	358.0
5	445	3	0.0	358.0
5	446	2	1.0	359.0
5	447	2	1.0	360.0
5	448	2	1.0	361.0
5	449	2	1.0	362.0
5	450	2	1.0	363.0
5	451	2	1.0	364.0
5	452	2	1.0	365.0
5	453	2	1.0	366.0
5	454	2	1.0	367.0
5	455	2	1.0	368.0
5	456	2	1.0	369.0
5	457	2	1.0	370.0
5	458	2	1.0	371.0
5	459	2	1.0	372.0
5	460	2	1.0	373.0
5	461	2	0.0	373.0
5	462	2	1.0	374.0
5	463	2	1.0	375.0
5	464	2	1.0	376.0
5	465	2	0.0	376.0
5	466	2	1.0	377.0
5	467	2	1.0	378.0
5	468	2	1.0	379.0
5	469	2	1.0	380.0
5	470	2	1.0	381.0
5	471	2	1.0	382.0
5	472	2	1.0	383.0
5	473	2	1.0	384.0
5	474	2	1.0	385.0
5	475	2	1.0	386.0
5	476	2	1.0	387.0
5	477	2	1.0	388.0
5	478	2	1.0	389.0
5	479	2	1.0	390.0
5	480	2	0.0	390.0
5	481	2	1.0	391.0
5	482	2	1.0	392.0
5	483	2	1.0	393.0
5	484	2	0.0	393.0
5	485	2	1.0	394.0
5	486	2	1.0	395.0
5	487	2	1.0	396.0
5	488	2	1.0	397.0
5	489	2	1.0	398.0
5	490	2	1.0	399.0
5	491	2	1.0	400.0
5	492	2	1.0	401.0
5	493	2	1.0	402.0
5	494	2	1.0	403.0
5	495	3	0.0	403.0
5	496	2	1.0	404.0
5	497	2	1.0	405.0
5	498	2	1.0	406.0
5	499	2	1.0	407.0
5	500	2	1.0	408.0
6	1	0	0.0	0.0
6	2	1	1.0	1.0
6	3	2	0.0	1.0
6	4	3	0.0	1.0
6	5	4	0.0	1.0
6	6	1	0.0	1.0
6	7	0	0.0	1.0
6	8	2	1.0	2.0
6	9	3	0.0	2.0
6	10	4	0.0	2.0
6	11	1	0.0	2.0
6	12	2	1.0	3.0
6	13	2	1.0	4.0
6	14	2	1.0	5.0
6	15	2	1.0	6.0
6	16	2	1.0	7.0
6	17	2	0.0	7.0
6	18	1	1.0	8.0
6	19	1	1.0	9.0
6	20	0	0.0	9.0
6	21	3	0.0	9.0
6	22	4	0.0	9.0
6	23	1	0.0	9.0
6	24	2	1.0	10.0
6	25	2	1.0	11.0
6	26	2	0.0	11.0
6	27	1	0.0	11.0
6	28	2	1.0	12.0
6	29	2	1.0	13.0
6	30	0	1.0	14.0
6	31	0	0.0	14.0
6	32	3	1.0	15.0
6	33	3	0.0	15.0
6	34	4	0.0	15.0
6	35	2	1.0	16.0
6	36	2	0.0	16.0
6	37	1	1.0	17.0
6	38	1	0.0	17.0
6	39	2	1.0	18.0
6	40	2	1.0	19.0
6	41	2	0.0	19.0
6	42	0	1.0	20.0
6	43	0	0.0	20.0
6	44	3	0.0	20.0
6	45	4	1.0	21.0
6	46	4	0.0	21.0
6	47	2	1.0	22.0
6	48	2	1.0	23.0
6	49	2	1.0	24.0
6	50	1	0.0	24.0
6	51	2	1.0	25.0
6	52	2	1.0	26.0
6	53	2	1.0	27.0
6	54	2	1.0	28.0
6	55	2	1.0	29.0
6	56	2	0.0	29.0
6	57	0	0.0	29.0
6	58	3	1.0	30.0
6	59	3	1.0	31.0
6	60	3	0.0	31.0
6	61	4	0.0	31.0
6	62	2	1.0	32.0
6	63	2	1.0	33.0
6	64	2	1.0	34.0
6	65	2	1.0	35.0
6	66	2	1.0	36.0
6	67	2	1.0	37.0
6	68	2	1.0	38.0
6	69	2	1.0	39.0
6	70	2	1.0	40.0
6	71	1	0.0	40.0
6	72	2	1.0	41.0
6	73	2	1.0	42.0
6	74	2	1.0	43.0
6	75	2	1.0	44.0
6	76	2	1.0	45.0
6	77	3	0.0	45.0
6	78	2	0.0	45.0
6	79	0	1.0	46.0
6	80	0	0.0	46.0
6	81	2	1.0	47.0
6	82	2	1.0	48.0
6	83	2	1.0	49.0
6	84	2	1.0	50.0
6	85	2	1.0	51.0
6	86	2	1.0	52.0
6	87	2	1.0	53.0
6	88	2	1.0	54.0
6	89	2	1.0	55.0
6	90	2	1.0	56.0
6	91	2	1.0	57.0
6	92	2	1.0	58.0
6	93	2	1.0	59.0
6	94	4	0.0	59.0
6	95	2	1.0	60.0
6	96	2	1.0	61.0
6	97	2	1.0	62.0
6	98	2	1.0	63.0
6	99	1	0.0	63.0
6	100	2	0.0	63.0
6	101	0	0.0	63.0
6	102	3	0.0	63.0
6	103	2	1.0	64.0
6	104	2	1.0	65.0
6	105	2	1.0	66.0
6	106	2	1.0	67.0
6	107	2	1.0	68.0
6	108	2	1.0	69.0
6	109	2	1.0	70.0
6	110	2	1.0	71.0
6	111	2	1.0	72.0
6	112	2	1.0	73.0
6	113	2	0.0	73.0
6	114	2	1.0	74.0
6	115	2	0.0	74.0
6	116	2	1.0	75.0
6	117	1	0.0	75.0
6	118	2	1.0	76.0
6	119	2	1.0	77.0
6	120	2	1.0	78.0
6	121	2	1.0	79.0
6	122	2	1.0	80.0
6	123	2	1.0	81.0
6	124	2	1.0	82.0
6	125	4	0.0	82.0
6	126	2	1.0	83.0
6	127	2	1.0	84.0
6	128	2	0.0	84.0
6	129	0	0.0	84.0
6	130	3	0.0	84.0
6	131	2	0.0	84.0
6	132	2	1.0	85.0
6	133	2	1.0	86.0
6	134	2	1.0	87.0
6	135	2	1.0	88.0
6	136	2	1.0	89.0
6	137	2	1.0	90.0
6	138	2	1.0	91.0
6	139	2	1.0	92.0
6	140	2	1.0	93.0
6	141	2	1.0	94.0
6	142	2	1.0	95.0
6	143	2	1.0	96.0
6	144	2	1.0	97.0
6	145	2	1.0	98.0
6	146	2	1.0	99.0
6	147	2	0.0	99.0
6	148	2	1.0	100.0
6	149	2	1.0	101.0
6	150	2	1.0	102.0
6	151	1	1.0	103.0
6	152	1	0.0	103.0
6	153	2	1.0	104.0
6	154	2	1.0	105.0
6	155	2	1.0	106.0
6	156	2	1.0	107.0
6	157	2	1.0	108.0
6	158	2	1.0	109.0
6	159	2	1.0	110.0
6	160	2	1.0	111.0
6	161	2	1.0	112.0
6	162	2	1.0	113.0
6	163	2	1.0	114.0
6	164	2	1.0	115.0
6	165	2	1.0	116.0
6	166	2	1.0	117.0
6	167	2	0.0	117.0
6	168	4	1.0	118.0
6	169	4	1.0	119.0
6	170	4	1.0	120.0
6	171	4	0.0	120.0
6	172	4	0.0	120.0
6	173	2	1.0	121.0
6	174	0	0.0	121.0
6	175	3	1.0	122.0
6	176	3	0.0	122.0
6	177	2	1.0	123.0
6	178	2	0.0	123.0
6	179	2	1.0	124.0
6	180	2	1.0	125.0
6	181	2	1.0	126.0
6	182	2	1.0	127.0
6	183	2	1.0	128.0
6	184	2	1.0	129.0
6	185	2	0.0	129.0
6	186	1	0.0	129.0
6	187	2	1.0	130.0
6	188	2	1.0	131.0
6	189	2	1.0	132.0
6	190	2	1.0	133.0
6	191	2	1.0	134.0
6	192	2	1.0	135.0
6	193	2	1.0	136.0
6	194	2	1.0	137.0
6	195	2	0.0	137.0
6	196	3	0.0	137.0
6	197	4	0.0	137.0
6	198	2	1.0	138.0
6	199	2	1.0	139.0
6	200	2	1.0	140.0
6	201	2	1.0	141.0
6	202	2	1.0	142.0
6	203	2	1.0	143.0
6	204	2	1.0	144.0
6	205	2	1.0	145.0
6	206	2	0.0	145.0
6	207	2	1.0	146.0
6	208	2	1.0	147.0
6	209	2	1.0	148.0
6	210	2	1.0	149.0
6	211	2	1.0	150.0
6	212	2	1.0	151.0
6	213	2	1.0	152.0
6	214	2	1.0	153.0
6	215	2	1.0	154.0
6	216	2	1.0	155.0
6	217	2	0.0	155.0
6	218	2	1.0	156.0
6	219	0	0.0	156.0
6	220	2	1.0	157.0
6	221	2	1.0	158.0
6	222	2	1.0	159.0
6	223	2	1.0	160.0
6	224	2	1.0	161.0
6	225	2	1.0	162.0
6	226	2	1.0	163.0
6	227	2	1.0	164.0
6	228	2	1.0	165.0
6	229	2	1.0	166.0
6	230	2	1.0	167.0
6	231	2	1.0	168.0
6	232	2	1.0	169.0
6	233	2	1.0	170.0
6	234	2	1.0	171.0
6	235	2	0.0	171.0
6	236	1	0.0	171.0
6	237	2	1.0	172.0
6	238	2	1.0	173.0
6	239	2	1.0	174.0
6	240	2	1.0	175.0
6	241	2	1.0	176.0
6	242	2	1.0	177.0
6	243	2	1.0	178.0
6	244	2	1.0	179.0
6	245	2	1.0	180.0
6	246	2	1.0	181.0
6	247	2	1.0	182.0
6	248	2	1.0	183.0
6	249	2	1.0	184.0
6	250	2	1.0	185.0
6	251	2	1.0	186.0
6	252	2	1.0	187.0
6	253	2	1.0	188.0
6	254	2	1.0	189.0
6	255	2	1.0	190.0
6	256	2	1.0	191.0
6	257	2	0.0	191.0
6	258	2	1.0	192.0
6	259	2	1.0	193.0
6	260	2	1.0	194.0
6	261	2	1.0	195.0
6	262	2	1.0	196.0
6	263	2	1.0	197.0
6	264	2	1.0	198.0
6	265	2	1.0	199.0
6	266	2	1.0	200.0
6	267	2	1.0	201.0
6	268	2	1.0	202.0
6	269	2	1.0	203.0
6	270	2	0.0	203.0
6	271	3	0.0	203.0
6	272	4	1.0	204.0
6	273	4	0.0	204.0
6	274	2	0.0	204.0
6	275	2	1.0	205.0
6	276	2	0.0	205.0
6	277	2	1.0	206.0
6	278	2	1.0	207.0
6	279	2	1.0	208.0
6	280	2	1.0	209.0
6	281	2	1.0	210.0
6	282	2	0.0	210.0
6	283	2	1.0	211.0
6	284	2	1.0	212.0
6	285	2	0.0	212.0
6	286	0	0.0	212.0
6	287	1	0.0	212.0
6	288	4	0.0	212.0
6	289	2	1.0	213.0
6	290	2	1.0	214.0
6	291	2	1.0	215.0
6	292	2	1.0	216.0
6	293	2	1.0	217.0
6	294	2	1.0	218.0
6	295	2	1.0	219.0
6	296	2	1.0	220.0
6	297	2	1.0	221.0
6	298	2	0.0	221.0
6	299	2	1.0	222.0
6	300	2	1.0	223.0
6	301	2	1.0	224.0
6	302	2	1.0	225.0
6	303	2	0.0	225.0
6	304	2	0.0	225.0
6	305	2	1.0	226.0
6	306	2	1.0	227.0
6	307	2	1.0	228.0
6	308	2	0.0	228.0
6	309	3	0.0	228.0
6	310	2	1.0	229.0
6	311	2	1.0	230.0
6	312	2	1.0	231.0
6	313	2	1.0	232.0
6	314	2	1.0	233.0
6	315	2	1.0	234.0
6	316	2	1.0	235.0
6	317	2	1.0	236.0
6	318	2	1.0	237.0
6	319	2	0.0	237.0
6	320	2	0.0	237.0
6	321	2	1.0	238.0
6	322	2	1.0	239.0
6	323	2	1.0	240.0
6	324	2	1.0	241.0
6	325	2	1.0	242.0
6	326	2	1.0	243.0
6	327	2	1.0	244.0
6	328	2	1.0	245.0
6	329	2	1.0	246.0
6	330	2	1.0	247.0
6	331	2	1.0	248.0
6	332	2	1.0	249.0
6	333	2	1.0	250.0
6	334	2	1.0	251.0
6	335	2	0.0	251.0
6	336	2	1.0	252.0
6	337	2	1.0	253.0
6	338	2	1.0	254.0
6	339	2	1.0	255.0
6	340	2	1.0	256.0
6	341	2	1.0	257.0
6	342	2	1.0	258.0
6	343	2	1.0	259.0
6	344	2	1.0	260.0
6	345	2	1.0	261.0
6	346	2	1.0	262.0
6	347	2	1.0	263.0
6	348	2	1.0	264.0
6	349	2	1.0	265.0
6	350	2	1.0	266.0
6	351	2	1.0	267.0
6	352	2	1.0	268.0
6	353	2	0.0	268.0
6	354	1	1.0	269.0
6	355	1	0.0	269.0
6	356	4	0.0	269.0
6	357	0	0.0	269.0
6	358	2	1.0	270.0
6	359	2	1.0	271.0
6	360	2	1.0	272.0
6	361	2	1.0	273.0
6	362	2	0.0	273.0
6	363	2	1.0	274.0
6	364	2	1.0	275.0
6	365	2	1.0	276.0
6	366	2	1.0	277.0
6	367	2	1.0	278.0
6	368	2	1.0	279.0
6	369	2	1.0	280.0
6	370	2	1.0	281.0
6	371	2	0.0	281.0
6	372	2	1.0	282.0
6	373	2	1.0	283.0
6	374	2	1.0	284.0
6	375	2	1.0	285.0
6	376	2	0.0	285.0
6	377	2	1.0	286.0
6	378	2	1.0	287.0
6	379	2	1.0	288.0
6	380	2	1.0	289.0
6	381	2	0.0	289.0
6	382	2	0.0	289.0
6	383	3	0.0	289.0
6	384	1	0.0	289.0
6	385	2	1.0	290.0
6	386	2	1.0	291.0
6	387	2	1.0	292.0
6	388	2	0.0	292.0
6	389	2	1.0	293.0
6	390	2	1.0	294.0
6	391	2	1.0	295.0
6	392	2	1.0	296.0
6	393	2	1.0	297.0
6	394	2	1.0	298.0
6	395	2	1.0	299.0
6	396	2	1.0	300.0
6	397	2	1.0	301.0
6	398	2	1.0	302.0
6	399	2	1.0	303.0
6	400	2	1.0	304.0
6	401	2	1.0	305.0
6	402	2	1.0	306.0
6	403	2	1.0	307.0
6	404	2	0.0	307.0
6	405	2	1.0	308.0
6	406	2	1.0	309.0
6	407	2	1.0	310.0
6	408	2	1.0	311.0
6	409	2	1.0	312.0
6	410	2	1.0	313.0
6	411	2	1.0	314.0
6	412	2	1.0	315.0
6	413	2	1.0	316.0
6	414	2	1.0	317.0
6	415	2	1.0	318.0
6	416	2	1.0	319.0
6	417	2	1.0	320.0
6	418	2	0.0	320.0
6	419	2	0.0	320.0
6	420	2	1.0	321.0
6	421	2	1.0	322.0
6	422	2	1.0	323.0
6	423	2	1.0	324.0
6	424	2	1.0	325.0
6	425	2	1.0	326.0
6	426	2	1.0	327.0
6	427	2	1.0	328.0
6	428	2	1.0	329.0
6	429	2	1.0	330.0
6	430	2	1.0	331.0
6	431	2	1.0	332.0
6	432	2	1.0	333.0
6	433	2	1.0	334.0
6	434	2	0.0	334.0
6	435	4	0.0	334.0
6	436	2	1.0	335.0
6	437	2	1.0	336.0
6	438	2	1.0	337.0
6	439	2	1.0	338.0
6	440	2	1.0	339.0
6	441	2	1.0	340.0
6	442	2	1.0	341.0
6	443	2	1.0	342.0
6	444	2	1.0	343.0
6	445	2	0.0	343.0
6	446	0	0.0	343.0
6	447	2	1.0	344.0
6	448	2	1.0	345.0
6	449	2	1.0	346.0
6	450	2	0.0	346.0
6	451	2	1.0	347.0
6	452	2	1.0	348.0
6	453	2	1.0	349.0
6	454	2	1.0	350.0
6	455	2	1.0	351.0
6	456	2	0.0	351.0
6	457	2	1.0	352.0
6	458	2	1.0	353.0
6	459	2	1.0	354.0
6	460	2	1.0	355.0
6	461	2	1.0	356.0
6	462	2	1.0	357.0
6	463	2	1.0	358.0
6	464	2	1.0	359.0
6	465	2	1.0	360.0
6	466	2	0.0	360.0
6	467	2	1.0	361.0
6	468	2	1.0	362.0
6	469	2	1.0	363.0
6	470	2	1.0	364.0
6	471	2	1.0	365.0
6	472	2	1.0	366.0
6	473	2	1.0	367.0
6	474	2	1.0	368.0
6	475	2	1.0	369.0
6	476	2	1.0	370.0
6	477	2	1.0	371.0
6	478	2	1.0	372.0
6	479	2	1.0	373.0
6	480	2	1.0	374.0
6	481	2	1.0	375.0
6	482	2	1.0	376.0
6	483	2	1.0	377.0
6	484	2	1.0	378.0
6	485	2	1.0	379.0
6	486	2	1.0	380.0
6	487	2	0.0	380.0
6	488	2	1.0	381.0
6	489	2	1.0	382.0
6	490	2	1.0	383.0
6	491	2	1.0	384.0
6	492	2	1.0	385.0
6	493	2	1.0	386.0
6	494	2	1.0	387.0
6	495	2	1.0	388.0
6	496	2	1.0	389.0
6	497	2	1.0	390.0
6	498	2	1.0	391.0
6	499	2	1.0	392.0
6	500	2	1.0	393.0
7	1	0	0.0	0.0
7	2	1	0.0	0.0
7	3	2	1.0	1.0
7	4	3	0.0	1.0
7	5	4	0.0	1.0
7	6	2	1.0	2.0
7	7	2	1.0	3.0
7	8	2	1.0	4.0
7	9	0	0.0	4.0
7	10	1	0.0	4.0
7	11	3	0.0	4.0
7	12	4	1.0	5.0
7	13	2	1.0	6.0
7	14	4	0.0	6.0
7	15	2	1.0	7.0
7	16	2	1.0	8.0
7	17	2	1.0	9.0
7	18	2	0.0	9.0
7	19	4	1.0	10.0
7	20	0	0.0	10.0
7	21	1	0.0	10.0
7	22	3	0.0	10.0
7	23	4	0.0	10.0
7	24	2	1.0	11.0
7	25	2	0.0	11.0
7	26	2	0.0	11.0
7	27	4	0.0	11.0
7	28	2	1.0	12.0
7	29	0	0.0	12.0
7	30	1	0.0	12.0
7	31	3	0.0	12.0
7	32	2	1.0	13.0
7	33	2	0.0	13.0
7	34	2	1.0	14.0
7	35	4	0.0	14.0
7	36	2	1.0	15.0
7	37	2	1.0	16.0
7	38	2	1.0	17.0
7	39	2	1.0	18.0
7	40	2	1.0	19.0
7	41	2	1.0	20.0
7	42	2	1.0	21.0
7	43	2	1.0	22.0
7	44	2	1.0	23.0
7	45	2	1.0	24.0
7	46	2	0.0	24.0
7	47	0	0.0	24.0
7	48	1	0.0	24.0
7	49	3	0.0	24.0
7	50	2	1.0	25.0
7	51	2	1.0	26.0
7	52	2	1.0	27.0
7	53	4	0.0	27.0
7	54	2	1.0	28.0
7	55	2	1.0	29.0
7	56	2	1.0	30.0
7	57	2	1.0	31.0
7	58	2	1.0	32.0
7	59	2	0.0	32.0
7	60	2	1.0	33.0
7	61	2	1.0	34.0
7	62	2	1.0	35.0
7	63	2	0.0	35.0
7	64	0	0.0	35.0
7	65	1	0.0	35.0
7	66	3	0.0	35.0
7	67	2	1.0	36.0
7	68	2	1.0	37.0
7	69	2	1.0	38.0
7	70	2	1.0	39.0
7	71	4	0.0	39.0
7	72	2	1.0	40.0
7	73	2	1.0	41.0
7	74	2	1.0	42.0
7	75	2	1.0	43.0
7	76	2	1.0	44.0
7	77	2	1.0	45.0
7	78	2	1.0	46.0
7	79	2	1.0	47.0
7	80	2	0.0	47.0
7	81	2	1.0	48.0
7	82	2	1.0	49.0
7	83	2	1.0	50.0
7	84	2	1.0	51.0
7	85	2	1.0	52.0
7	86	2	1.0	53.0
7	87	2	1.0	54.0
7	88	2	1.0	55.0
7	89	2	1.0	56.0
7	90	2	0.0	56.0
7	91	2	1.0	57.0
7	92	2	1.0	58.0
7	93	2	1.0	59.0
7	94	2	1.0	60.0
7	95	2	1.0	61.0
7	96	2	1.0	62.0
7	97	0	0.0	62.0
7	98	1	0.0	62.0
7	99	3	0.0	62.0
7	100	2	1.0	63.0
7	101	2	1.0	64.0
7	102	4	0.0	64.0
7	103	2	1.0	65.0
7	104	2	1.0	66.0
7	105	2	1.0	67.0
7	106	2	1.0	68.0
7	107	2	1.0	69.0
7	108	2	1.0	70.0
7	109	2	1.0	71.0
7	110	2	1.0	72.0
7	111	2	1.0	73.0
7	112	2	1.0	74.0
7	113	2	1.0	75.0
7	114	2	1.0	76.0
7	115	2	1.0	77.0
7	116	2	1.0	78.0
7	117	2	1.0	79.0
7	118	2	1.0	80.0
7	119	2	1.0	81.0
7	120	2	1.0	82.0
7	121	2	1.0	83.0
7	122	2	1.0	84.0
7	123	2	1.0	85.0
7	124	2	1.0	86.0
7	125	2	1.0	87.0
7	126	2	0.0	87.0
7	127	2	1.0	88.0
7	128	2	1.0	89.0
7	129	2	1.0	90.0
7	130	2	1.0	91.0
7	131	2	0.0	91.0
7	132	2	0.0	91.0
7	133	2	1.0	92.0
7	134	2	1.0	93.0
7	135	2	1.0	94.0
7	136	2	1.0	95.0
7	137	2	1.0	96.0
7	138	4	1.0	97.0
7	139	4	0.0	97.0
7	140	2	1.0	98.0
7	141	2	1.0	99.0
7	142	2	1.0	100.0
7	143	2	1.0	101.0
7	144	2	0.0	101.0
7	145	0	0.0	101.0
7	146	1	0.0	101.0
7	147	3	1.0	102.0
7	148	3	0.0	102.0
7	149	2	1.0	103.0
7	150	2	1.0	104.0
7	151	2	1.0	105.0
7	152	2	1.0	106.0
7	153	2	1.0	107.0
7	154	2	1.0	108.0
7	155	2	1.0	109.0
7	156	2	1.0	110.0
7	157	2	1.0	111.0
7	158	2	1.0	112.0
7	159	2	1.0	113.0
7	160	2	1.0	114.0
7	161	2	1.0	115.0
7	162	2	1.0	116.0
7	163	2	1.0	117.0
7	164	2	1.0	118.0
7	165	2	1.0	119.0
7	166	2	1.0	120.0
7	167	2	1.0	121.0
7	168	2	1.0	122.0
7	169	2	1.0	123.0
7	170	2	1.0	124.0
7	171	2	1.0	125.0
7	172	3	0.0	125.0
7	173	2	1.0	126.0
7	174	2	1.0	127.0
7	175	2	1.0	128.0
7	176	2	1.0	129.0
7	177	2	1.0	130.0
7	178	2	1.0	131.0
7	179	4	0.0	131.0
7	180	2	1.0	132.0
7	181	2	1.0	133.0
7	182	2	1.0	134.0
7	183	2	1.0	135.0
7	184	2	1.0	136.0
7	185	2	0.0	136.0
7	186	2	1.0	137.0
7	187	2	1.0	138.0
7	188	2	0.0	138.0
7	189	2	1.0	139.0
7	190	2	1.0	140.0
7	191	2	1.0	141.0
7	192	2	1.0	142.0
7	193	2	1.0	143.0
7	194	2	1.0	144.0
7	195	2	1.0	145.0
7	196	2	1.0	146.0
7	197	2	1.0	147.0
7	198	2	1.0	148.0
7	199	2	1.0	149.0
7	200	2	1.0	150.0
7	201	2	1.0	151.0
7	202	2	1.0	152.0
7	203	2	0.0	152.0
7	204	2	1.0	153.0
7	205	2	1.0	154.0
7	206	2	1.0	155.0
7	207	2	1.0	156.0
7	208	2	1.0	157.0
7	209	2	1.0	158.0
7	210	2	1.0	159.0
7	211	2	1.0	160.0
7	212	0	1.0	161.0
7	213	0	0.0	161.0
7	214	1	0.0	161.0
7	215	2	1.0	162.0
7	216	2	1.0	163.0
7	217	2	1.0	164.0
7	218	2	1.0	165.0
7	219	2	1.0	166.0
7	220	2	1.0	167.0
7	221	2	1.0	168.0
7	222	2	1.0	169.0
7	223	2	1.0	170.0
7	224	2	1.0	171.0
7	225	2	1.0	172.0
7	226	2	0.0	172.0
7	227	2	1.0	173.0
7	228	2	1.0	174.0
7	229	2	1.0	175.0
7	230	2	1.0	176.0
7	231	2	1.0	177.0
7	232	2	1.0	178.0
7	233	2	1.0	179.0
7	234	2	1.0	180.0
7	235	2	1.0	181.0
7	236	2	1.0	182.0
7	237	2	1.0	183.0
7	238	2	1.0	184.0
7	239	2	1.0	185.0
7	240	2	1.0	186.0
7	241	2	1.0	187.0
7	242	4	0.0	187.0
7	243	2	1.0	188.0
7	244	2	1.0	189.0
7	245	2	1.0	190.0
7	246	2	1.0	191.0
7	247	0	0.0	191.0
7	248	3	0.0	191.0
7	249	2	1.0	192.0
7	250	2	1.0	193.0
7	251	2	0.0	193.0
7	252	2	1.0	194.0
7	253	2	1.0	195.0
7	254	2	1.0	196.0
7	255	2	1.0	197.0
7	256	2	1.0	198.0
7	257	2	1.0	199.0
7	258	2	1.0	200.0
7	259	2	1.0	201.0
7	260	2	1.0	202.0
7	261	2	1.0	203.0
7	262	2	1.0	204.0
7	263	2	0.0	204.0
7	264	2	1.0	205.0
7	265	2	1.0	206.0
7	266	2	1.0	207.0
7	267	2	1.0	208.0
7	268	2	1.0	209.0
7	269	2	1.0	210.0
7	270	2	1.0	211.0
7	271	2	1.0	212.0
7	272	2	1.0	213.0
7	273	2	1.0	214.0
7	274	2	1.0	215.0
7	275	2	1.0	216.0
7	276	2	1.0	217.0
7	277	2	1.0	218.0
7	278	2	1.0	219.0
7	279	2	1.0	220.0
7	280	2	1.0	221.0
7	281	2	1.0	222.0
7	282	2	0.0	222.0
7	283	2	1.0	223.0
7	284	2	1.0	224.0
7	285	2	1.0	225.0
7	286	2	1.0	226.0
7	287	2	1.0	227.0
7	288	2	1.0	228.0
7	289	2	0.0	228.0
7	290	2	1.0	229.0
7	291	2	1.0	230.0
7	292	2	1.0	231.0
7	293	2	1.0	232.0
7	294	2	1.0	233.0
7	295	2	1.0	234.0
7	296	2	1.0	235.0
7	297	2	1.0	236.0
7	298	2	1.0	237.0
7	299	2	1.0	238.0
7	300	2	1.0	239.0
7	301	2	1.0	240.0
7	302	2	1.0	241.0
7	303	2	1.0	242.0
7	304	2	1.0	243.0
7	305	2	1.0	244.0
7	306	2	1.0	245.0
7	307	2	1.0	246.0
7	308	2	1.0	247.0
7	309	2	1.0	248.0
7	310	2	1.0	249.0
7	311	1	0.0	249.0
7	312	2	1.0	250.0
7	313	2	1.0	251.0
7	314	2	1.0	252.0
7	315	2	1.0	253.0
7	316	2	1.0	254.0
7	317	2	0.0	254.0
7	318	2	1.0	255.0
7	319	2	0.0	255.0
7	320	4	0.0	255.0
7	321	2	1.0	256.0
7	322	2	1.0	257.0
7	323	2	1.0	258.0
7	324	2	1.0	259.0
7	325	2	1.0	260.0
7	326	2	1.0	261.0
7	327	2	1.0	262.0
7	328	2	1.0	263.0
7	329	2	1.0	264.0
7	330	2	1.0	265.0
7	331	2	1.0	266.0
7	332	2	0.0	266.0
7	333	0	0.0	266.0
7	334	3	0.0	266.0
7	335	2	1.0	267.0
7	336	2	1.0	268.0
7	337	2	1.0	269.0
7	338	2	1.0	270.0
7	339	2	1.0	271.0
7	340	2	1.0	272.0
7	341	2	1.0	273.0
7	342	2	0.0	273.0
7	343	2	1.0	274.0
7	344	2	0.0	274.0
7	345	2	0.0	274.0
7	346	2	1.0	275.0
7	347	2	1.0	276.0
7	348	2	1.0	277.0
7	349	2	1.0	278.0
7	350	2	1.0	279.0
7	351	2	1.0	280.0
7	352	2	1.0	281.0
7	353	2	1.0	282.0
7	354	2	1.0	283.0
7	355	2	1.0	284.0
7	356	2	1.0	285.0
7	357	2	1.0	286.0
7	358	2	1.0	287.0
7	359	2	1.0	288.0
7	360	2	1.0	289.0
7	361	2	1.0	290.0
7	362	2	1.0	291.0
7	363	2	1.0	292.0
7	364	2	1.0	293.0
7	365	2	1.0	294.0
7	366	2	1.0	295.0
7	367	2	1.0	296.0
7	368	2	1.0	297.0
7	369	2	1.0	298.0
7	370	2	1.0	299.0
7	371	2	1.0	300.0
7	372	2	1.0	301.0
7	373	2	1.0	302.0
7	374	2	1.0	303.0
7	375	2	1.0	304.0
7	376	2	1.0	305.0
7	377	2	1.0	306.0
7	378	2	0.0	306.0
7	379	2	0.0	306.0
7	380	2	1.0	307.0
7	381	2	1.0	308.0
7	382	2	1.0	309.0
7	383	2	1.0	310.0
7	384	2	1.0	311.0
7	385	2	0.0	311.0
7	386	2	1.0	312.0
7	387	2	1.0	313.0
7	388	2	0.0	313.0
7	389	2	1.0	314.0
7	390	2	1.0	315.0
7	391	2	1.0	316.0
7	392	2	0.0	316.0
7	393	2	1.0	317.0
7	394	2	1.0	318.0
7	395	2	1.0	319.0
7	396	1	1.0	320.0
7	397	1	0.0	320.0
7	398	2	1.0	321.0
7	399	2	1.0	322.0
7	400	4	0.0	322.0
7	401	2	1.0	323.0
7	402	2	1.0	324.0
7	403	2	1.0	325.0
7	404	2	1.0	326.0
7	405	2	1.0	327.0
7	406	2	1.0	328.0
7	407	2	0.0	328.0
7	408	2	1.0	329.0
7	409	2	1.0	330.0
7	410	2	1.0	331.0
7	411	2	1.0	332.0
7	412	2	0.0	332.0
7	413	2	0.0	332.0
7	414	2	1.0	333.0
7	415	2	1.0	334.0
7	416	2	0.0	334.0
7	417	0	0.0	334.0
7	418	1	0.0	334.0
7	419	3	0.0	334.0
7	420	2	1.0	335.0
7	421	2	1.0	336.0
7	422	2	1.0	337.0
7	423	2	1.0	338.0
7	424	2	1.0	339.0
7	425	2	0.0	339.0
7	426	2	1.0	340.0
7	427	2	1.0	341.0
7	428	2	1.0	342.0
7	429	2	0.0	342.0
7	430	2	1.0	343.0
7	431	2	1.0	344.0
7	432	2	1.0	345.0
7	433	2	1.0	346.0
7	434	2	1.0	347.0
7	435	2	1.0	348.0
7	436	2	1.0	349.0
7	437	2	1.0	350.0
7	438	2	1.0	351.0
7	439	2	1.0	352.0
7	440	2	1.0	353.0
7	441	2	1.0	354.0
7	442	2	0.0	354.0
7	443	2	0.0	354.0
7	444	2	1.0	355.0
7	445	2	0.0	355.0
7	446	2	1.0	356.0
7	447	2	1.0	357.0
7	448	2	1.0	358.0
7	449	2	1.0	359.0
7	450	2	1.0	360.0
7	451	2	1.0	361.0
7	452	2	1.0	362.0
7	453	2	1.0	363.0
7	454	2	1.0	364.0
7	455	2	1.0	365.0
7	456	2	1.0	366.0
7	457	2	1.0	367.0
7	458	2	1.0	368.0
7	459	2	1.0	369.0
7	460	2	1.0	370.0
7	461	2	1.0	371.0
7	462	2	0.0	371.0
7	463	2	1.0	372.0
7	464	2	1.0	373.0
7	465	2	1.0	374.0
7	466	2	0.0	374.0
7	467	2	1.0	375.0
7	468	2	1.0	376.0
7	469	2	1.0	377.0
7	470	2	1.0	378.0
7	471	2	0.0	378.0
7	472	2	1.0	379.0
7	473	2	1.0	380.0
7	474	2	1.0	381.0
7	475	2	1.0	382.0
7	476	2	0.0	382.0
7	477	4	0.0	382.0
7	478	2	1.0	383.0
7	479	2	0.0	383.0
7	480	2	1.0	384.0
7	481	2	0.0	384.0
7	482	2	1.0	385.0
7	483	2	1.0	386.0
7	484	2	1.0	387.0
7	485	2	1.0	388.0
7	486	2	1.0	389.0
7	487	2	1.0	390.0
7	488	2	1.0	391.0
7	489	2	1.0	392.0
7	490	2	1.0	393.0
7	491	2	1.0	394.0
7	492	2	1.0	395.0
7	493	2	1.0	396.0
7	494	2	1.0	397.0
7	495	2	1.0	398.0
7	496	2	1.0	399.0
7	497	2	0.0	399.0
7	498	2	1.0	400.0
7	499	2	0.0	400.0
7	500	2	1.0	401.0
8	1	0	0.0	0.0
8	2	1	0.0	0.0
8	3	2	0.0	0.0
8	4	3	0.0	0.0
8	5	4	0.0	0.0
8	6	0	0.0	0.0
8	7	1	0.0	0.0
8	8	2	1.0	1.0
8	9	3	0.0	1.0
8	10	4	0.0	1.0
8	11	2	0.0	1.0
8	12	2	1.0	2.0
8	13	2	1.0	3.0
8	14	2	1.0	4.0
8	15	0	0.0	4.0
8	16	1	0.0	4.0
8	17	3	1.0	5.0
8	18	3	0.0	5.0
8	19	4	0.0	5.0
8	20	2	1.0	6.0
8	21	2	1.0	7.0
8	22	2	1.0	8.0
8	23	2	1.0	9.0
8	24	2	1.0	10.0
8	25	2	1.0	11.0
8	26	2	1.0	12.0
8	27	2	1.0	13.0
8	28	2	1.0	14.0
8	29	3	0.0	14.0
8	30	2	1.0	15.0
8	31	2	1.0	16.0
8	32	2	1.0	17.0
8	33	0	0.0	17.0
8	34	1	0.0	17.0
8	35	4	1.0	18.0
8	36	4	0.0	18.0
8	37	2	1.0	19.0
8	38	2	1.0	20.0
8	39	2	1.0	21.0
8	40	2	1.0	22.0
8	41	2	0.0	22.0
8	42	2	1.0	23.0
8	43	2	1.0	24.0
8	44	2	1.0	25.0
8	45	3	0.0	25.0
8	46	4	0.0	25.0
8	47	2	1.0	26.0
8	48	2	0.0	26.0
8	49	0	0.0	26.0
8	50	1	0.0	26.0
8	51	2	1.0	27.0
8	52	2	1.0	28.0
8	53	2	1.0	29.0
8	54	2	1.0	30.0
8	55	2	0.0	30.0
8	56	2	1.0	31.0
8	57	2	1.0	32.0
8	58	2	1.0	33.0
8	59	2	1.0	34.0
8	60	2	1.0	35.0
8	61	3	0.0	35.0
8	62	4	0.0	35.0
8	63	2	1.0	36.0
8	64	2	1.0	37.0
8	65	2	1.0	38.0
8	66	2	1.0	39.0
8	67	2	1.0	40.0
8	68	2	1.0	41.0
8	69	2	1.0	42.0
8	70	2	1.0	43.0
8	71	2	1.0	44.0
8	72	2	1.0	45.0
8	73	2	0.0	45.0
8	74	0	0.0	45.0
8	75	1	0.0	45.0
8	76	2	1.0	46.0
8	77	2	1.0	47.0
8	78	2	1.0	48.0
8	79	2	1.0	49.0
8	80	2	1.0	50.0
8	81	2	1.0	51.0
8	82	2	1.0	52.0
8	83	2	1.0	53.0
8	84	2	1.0	54.0
8	85	2	1.0	55.0
8	86	2	1.0	56.0
8	87	2	1.0	57.0
8	88	2	1.0	58.0
8	89	2	1.0	59.0
8	90	2	1.0	60.0
8	91	2	1.0	61.0
8	92	2	1.0	62.0
8	93	3	0.0	62.0
8	94	4	0.0	62.0
8	95	2	1.0	63.0
8	96	2	1.0	64.0
8	97	2	1.0	65.0
8	98	2	1.0	66.0
8	99	2	1.0	67.0
8	100	2	1.0	68.0
8	101	2	1.0	69.0
8	102	2	1.0	70.0
8	103	2	1.0	71.0
8	104	2	1.0	72.0
8	105	2	0.0	72.0
8	106	2	1.0	73.0
8	107	2	1.0	74.0
8	108	2	1.0	75.0
8	109	2	1.0	76.0
8	110	2	1.0	77.0
8	111	2	1.0	78.0
8	112	0	0.0	78.0
8	113	1	0.0	78.0
8	114	2	1.0	79.0
8	115	2	1.0	80.0
8	116	2	0.0	80.0
8	117	2	1.0	81.0
8	118	2	1.0	82.0
8	119	2	0.0	82.0
8	120	2	1.0	83.0
8	121	2	1.0	84.0
8	122	2	1.0	85.0
8	123	2	1.0	86.0
8	124	2	1.0	87.0
8	125	2	1.0	88.0
8	126	2	1.0	89.0
8	127	3	0.0	89.0
8	128	4	0.0	89.0
8	129	2	1.0	90.0
8	130	2	1.0	91.0
8	131	2	1.0	92.0
8	132	2	1.0	93.0
8	133	2	1.0	94.0
8	134	2	1.0	95.0
8	135	2	1.0	96.0
8	136	2	1.0	97.0
8	137	2	1.0	98.0
8	138	2	0.0	98.0
8	139	2	1.0	99.0
8	140	2	1.0	100.0
8	141	2	1.0	101.0
8	142	2	1.0	102.0
8	143	2	1.0	103.0
8	144	2	1.0	104.0
8	145	2	1.0	105.0
8	146	2	1.0	106.0
8	147	2	1.0	107.0
8	148	2	1.0	108.0
8	149	2	1.0	109.0
8	150	2	1.0	110.0
8	151	2	1.0	111.0
8	152	2	1.0	112.0
8	153	2	1.0	113.0
8	154	2	1.0	114.0
8	155	2	1.0	115.0
8	156	2	1.0	116.0
8	157	2	1.0	117.0
8	158	2	0.0	117.0
8	159	0	0.0	117.0
8	160	1	0.0	117.0
8	161	2	1.0	118.0
8	162	2	1.0	119.0
8	163	2	1.0	120.0
8	164	2	0.0	120.0
8	165	2	1.0	121.0
8	166	2	1.0	122.0
8	167	2	1.0	123.0
8	168	2	1.0	124.0
8	169	2	1.0	125.0
8	170	2	1.0	126.0
8	171	2	0.0	126.0
8	172	3	0.0	126.0
8	173	4	0.0	126.0
8	174	2	1.0	127.0
8	175	2	1.0	128.0
8	176	2	1.0	129.0
8	177	2	1.0	130.0
8	178	2	1.0	131.0
8	179	2	1.0	132.0
8	180	2	1.0	133.0
8	181	2	1.0	134.0
8	182	2	1.0	135.0
8	183	2	1.0	136.0
8	184	2	0.0	136.0
8	185	2	1.0	137.0
8	186	2	1.0	138.0
8	187	2	1.0	139.0
8	188	2	1.0	140.0
8	189	2	0.0	140.0
8	190	2	0.0	140.0
8	191	2	1.0	141.0
8	192	2	0.0	141.0
8	193	2	1.0	142.0
8	194	2	1.0	143.0
8	195	2	1.0	144.0
8	196	2	1.0	145.0
8	197	2	0.0	145.0
8	198	0	1.0	146.0
8	199	0	0.0	146.0
8	200	1	0.0	146.0
8	201	2	0.0	146.0
8	202	2	1.0	147.0
8	203	2	1.0	148.0
8	204	2	1.0	149.0
8	205	2	1.0	150.0
8	206	2	1.0	151.0
8	207	2	1.0	152.0
8	208	2	1.0	153.0
8	209	2	1.0	154.0
8	210	2	0.0	154.0
8	211	0	0.0	154.0
8	212	3	0.0	154.0
8	213	4	0.0	154.0
8	214	2	1.0	155.0
8	215	2	1.0	156.0
8	216	2	1.0	157.0
8	217	2	1.0	158.0
8	218	2	1.0	159.0
8	219	2	1.0	160.0
8	220	2	1.0	161.0
8	221	2	1.0	162.0
8	222	2	1.0	163.0
8	223	2	1.0	164.0
8	224	2	1.0	165.0
8	225	2	0.0	165.0
8	226	2	1.0	166.0
8	227	2	1.0	167.0
8	228	2	1.0	168.0
8	229	2	1.0	169.0
8	230	2	1.0	170.0
8	231	2	1.0	171.0
8	232	2	1.0	172.0
8	233	2	1.0	173.0
8	234	2	1.0	174.0
8	235	2	0.0	174.0
8	236	2	1.0	175.0
8	237	2	1.0	176.0
8	238	2	1.0	177.0
8	239	2	1.0	178.0
8	240	2	0.0	178.0
8	241	2	1.0	179.0
8	242	2	1.0	180.0
8	243	2	1.0	181.0
8	244	2	1.0	182.0
8	245	2	0.0	182.0
8	246	2	1.0	183.0
8	247	2	1.0	184.0
8	248	2	1.0	185.0
8	249	2	1.0	186.0
8	250	2	1.0	187.0
8	251	2	1.0	188.0
8	252	2	1.0	189.0
8	253	2	0.0	189.0
8	254	2	1.0	190.0
8	255	2	1.0	191.0
8	256	2	1.0	192.0
8	257	2	1.0	193.0
8	258	2	1.0	194.0
8	259	2	1.0	195.0
8	260	1	0.0	195.0
8	261	2	1.0	196.0
8	262	2	1.0	197.0
8	263	2	1.0	198.0
8	264	2	1.0	199.0
8	265	2	1.0	200.0
8	266	2	1.0	201.0
8	267	2	1.0	202.0
8	268	2	1.0	203.0
8	269	2	1.0	204.0
8	270	2	1.0	205.0
8	271	2	1.0	206.0
8	272	2	1.0	207.0
8	273	2	1.0	208.0
8	274	2	1.0	209.0
8	275	2	1.0	210.0
8	276	2	1.0	211.0
8	277	2	1.0	212.0
8	278	2	1.0	213.0
8	279	2	1.0	214.0
8	280	2	1.0	215.0
8	281	2	1.0	216.0
8	282	2	1.0	217.0
8	283	2	1.0	218.0
8	284	2	1.0	219.0
8	285	2	1.0	220.0
8	286	2	1.0	221.0
8	287	2	0.0	221.0
8	288	2	1.0	222.0
8	289	2	1.0	223.0
8	290	2	1.0	224.0
8	291	2	1.0	225.0
8	292	2	1.0	226.0
8	293	2	0.0	226.0
8	294	0	0.0	226.0
8	295	3	0.0	226.0
8	296	4	0.0	226.0
8	297	2	1.0	227.0
8	298	2	1.0	228.0
8	299	2	1.0	229.0
8	300	2	1.0	230.0
8	301	2	0.0	230.0
8	302	2	1.0	231.0
8	303	2	1.0	232.0
8	304	2	1.0	233.0
8	305	2	1.0	234.0
8	306	2	1.0	235.0
8	307	2	0.0	235.0
8	308	2	1.0	236.0
8	309	2	1.0	237.0
8	310	2	1.0	238.0
8	311	2	1.0	239.0
8	312	2	1.0	240.0
8	313	2	1.0	241.0
8	314	2	1.0	242.0
8	315	2	1.0	243.0
8	316	2	1.0	244.0
8	317	2	1.0	245.0
8	318	2	1.0	246.0
8	319	2	1.0	247.0
8	320	2	1.0	248.0
8	321	2	1.0	249.0
8	322	2	1.0	250.0
8	323	2	1.0	251.0
8	324	2	1.0	252.0
8	325	2	1.0	253.0
8	326	2	1.0	254.0
8	327	2	1.0	255.0
8	328	2	1.0	256.0
8	329	2	1.0	257.0
8	330	2	1.0	258.0
8	331	2	1.0	259.0
8	332	2	1.0	260.0
8	333	2	1.0	261.0
8	334	2	1.0	262.0
8	335	2	1.0	263.0
8	336	2	1.0	264.0
8	337	2	1.0	265.0
8	338	2	1.0	266.0
8	339	2	1.0	267.0
8	340	2	0.0	267.0
8	341	2	1.0	268.0
8	342	2	1.0	269.0
8	343	2	0.0	269.0
8	344	2	1.0	270.0
8	345	2	1.0	271.0
8	346	2	1.0	272.0
8	347	2	1.0	273.0
8	348	2	1.0	274.0
8	349	2	1.0	275.0
8	350	2	1.0	276.0
8	351	2	1.0	277.0
8	352	2	1.0	278.0
8	353	2	1.0	279.0
8	354	2	1.0	280.0
8	355	2	1.0	281.0
8	356	2	1.0	282.0
8	357	2	1.0	283.0
8	358	2	1.0	284.0
8	359	2	1.0	285.0
8	360	2	1.0	286.0
8	361	2	1.0	287.0
8	362	2	1.0	288.0
8	363	2	1.0	289.0
8	364	2	1.0	290.0
8	365	2	1.0	291.0
8	366	2	1.0	292.0
8	367	2	1.0	293.0
8	368	2	1.0	294.0
8	369	2	1.0	295.0
8	370	2	1.0	296.0
8	371	2	1.0	297.0
8	372	2	1.0	298.0
8	373	2	1.0	299.0
8	374	2	1.0	300.0
8	375	2	1.0	301.0
8	376	2	1.0	302.0
8	377	2	1.0	303.0
8	378	2	0.0	303.0
8	379	2	1.0	304.0
8	380	2	1.0	305.0
8	381	2	1.0	306.0
8	382	2	1.0	307.0
8	383	2	1.0	308.0
8	384	2	1.0	309.0
8	385	2	1.0	310.0
8	386	2	1.0	311.0
8	387	2	1.0	312.0
8	388	2	1.0	313.0
8	389	2	1.0	314.0
8	390	2	1.0	315.0
8	391	2	0.0	315.0
8	392	1	0.0	315.0
8	393	2	1.0	316.0
8	394	2	1.0	317.0
8	395	2	1.0	318.0
8	396	2	1.0	319.0
8	397	2	1.0	320.0
8	398	2	1.0	321.0
8	399	2	1.0	322.0
8	400	2	1.0	323.0
8	401	2	1.0	324.0
8	402	2	1.0	325.0
8	403	2	1.0	326.0
8	404	2	0.0	326.0
8	405	2	1.0	327.0
8	406	2	1.0	328.0
8	407	2	1.0	329.0
8	408	2	1.0	330.0
8	409	2	1.0	331.0
8	410	2	1.0	332.0
8	411	2	1.0	333.0
8	412	2	1.0	334.0
8	413	2	1.0	335.0
8	414	2	1.0	336.0
8	415	2	1.0	337.0
8	416	2	1.0	338.0
8	417	2	1.0	339.0
8	418	2	1.0	340.0
8	419	2	1.0	341.0
8	420	2	1.0	342.0
8	421	2	1.0	343.0
8	422	2	0.0	343.0
8	423	0	0.0	343.0
8	424	3	0.0	343.0
8	425	4	0.0	343.0
8	426	2	1.0	344.0
8	427	2	1.0	345.0
8	428	2	0.0	345.0
8	429	2	1.0	346.0
8	430	2	1.0	347.0
8	431	2	1.0	348.0
8	432	2	1.0	349.0
8	433	2	1.0	350.0
8	434	2	1.0	351.0
8	435	2	1.0	352.0
8	436	2	1.0	353.0
8	437	2	1.0	354.0
8	438	2	1.0	355.0
8	439	2	1.0	356.0
8	440	2	1.0	357.0
8	441	2	1.0	358.0
8	442	2	1.0	359.0
8	443	2	1.0	360.0
8	444	2	0.0	360.0
8	445	2	1.0	361.0
8	446	2	1.0	362.0
8	447	2	1.0	363.0
8	448	2	1.0	364.0
8	449	2	1.0	365.0
8	450	2	1.0	366.0
8	451	2	1.0	367.0
8	452	2	1.0	368.0
8	453	2	1.0	369.0
8	454	2	0.0	369.0
8	455	2	1.0	370.0
8	456	2	1.0	371.0
8	457	2	1.0	372.0
8	458	2	1.0	373.0
8	459	2	1.0	374.0
8	460	2	1.0	375.0
8	461	2	0.0	375.0
8	462	2	1.0	376.0
8	463	2	1.0	377.0
8	464	2	0.0	377.0
8	465	2	1.0	378.0
8	466	2	1.0	379.0
8	467	2	1.0	380.0
8	468	2	1.0	381.0
8	469	2	1.0	382.0
8	470	2	1.0	383.0
8	471	2	1.0	384.0
8	472	2	1.0	385.0
8	473	2	1.0	386.0
8	474	2	0.0	386.0
8	475	2	1.0	387.0
8	476	2	1.0	388.0
8	477	2	1.0	389.0
8	478	2	1.0	390.0
8	479	2	1.0	391.0
8	480	2	1.0	392.0
8	481	2	1.0	393.0
8	482	2	1.0	394.0
8	483	2	1.0	395.0
8	484	2	0.0	395.0
8	485	2	1.0	396.0
8	486	2	1.0	397.0
8	487	2	0.0	397.0
8	488	2	0.0	397.0
8	489	2	1.0	398.0
8	490	2	1.0	399.0
8	491	2	1.0	400.0
8	492	2	1.0	401.0
8	493	2	1.0	402.0
8	494	2	1.0	403.0
8	495	2	0.0	403.0
8	496	2	1.0	404.0
8	497	2	0.0	404.0
8	498	2	1.0	405.0
8	499	2	1.0	406.0
8	500	2	1.0	407.0
9	1	0	0.0	0.0
9	2	1	0.0	0.0
9	3	2	0.0	0.0
9	4	3	0.0	0.0
9	5	4	0.0	0.0
9	6	0	0.0	0.0
9	7	1	0.0	0.0
9	8	2	1.0	1.0
9	9	3	0.0	1.0
9	10	4	0.0	1.0
9	11	2	1.0	2.0
9	12	2	1.0	3.0
9	13	2	1.0	4.0
9	14	2	1.0	5.0
9	15	2	1.0	6.0
9	16	2	0.0	6.0
9	17	0	1.0	7.0
9	18	0	1.0	8.0
9	19	0	0.0	8.0
9	20	1	0.0	8.0
9	21	3	0.0	8.0
9	22	4	0.0	8.0
9	23	2	1.0	9.0
9	24	2	1.0	10.0
9	25	2	1.0	11.0
9	26	2	1.0	12.0
9	27	2	1.0	13.0
9	28	2	1.0	14.0
9	29	0	0.0	14.0
9	30	2	1.0	15.0
9	31	2	1.0	16.0
9	32	2	1.0	17.0
9	33	2	1.0	18.0
9	34	1	0.0	18.0
9	35	3	0.0	18.0
9	36	4	0.0	18.0
9	37	2	1.0	19.0
9	38	2	1.0	20.0
9	39	2	1.0	21.0
9	40	2	1.0	22.0
9	41	2	1.0	23.0
9	42	2	0.0	23.0
9	43	0	0.0	23.0
9	44	2	1.0	24.0
9	45	2	1.0	25.0
9	46	2	1.0	26.0
9	47	2	1.0	27.0
9	48	2	1.0	28.0
9	49	2	0.0	28.0
9	50	1	0.0	28.0
9	51	3	0.0	28.0
9	52	4	0.0	28.0
9	53	2	1.0	29.0
9	54	2	1.0	30.0
9	55	2	1.0	31.0
9	56	2	1.0	32.0
9	57	2	1.0	33.0
9	58	2	1.0	34.0
9	59	2	0.0	34.0
9	60	0	0.0	34.0
9	61	2	1.0	35.0
9	62	2	1.0	36.0
9	63	2	1.0	37.0
9	64	2	1.0	38.0
9	65	2	1.0	39.0
9	66	2	0.0	39.0
9	67	2	1.0	40.0
9	68	2	1.0	41.0
9	69	2	1.0	42.0
9	70	1	0.0	42.0
9	71	3	0.0	42.0
9	72	4	0.0	42.0
9	73	2	1.0	43.0
9	74	2	0.0	43.0
9	75	0	1.0	44.0
9	76	0	0.0	44.0
9	77	2	1.0	45.0
9	78	2	1.0	46.0
9	79	2	1.0	47.0
9	80	2	1.0	48.0
9	81	2	1.0	49.0
9	82	2	1.0	50.0
9	83	2	1.0	51.0
9	84	2	0.0	51.0
9	85	2	1.0	52.0
9	86	2	1.0	53.0
9	87	2	1.0	54.0
9	88	2	1.0	55.0
9	89	2	0.0	55.0
9	90	0	1.0	56.0
9	91	0	0.0	56.0
9	92	2	1.0	57.0
9	93	2	1.0	58.0
9	94	2	1.0	59.0
9	95	2	1.0	60.0
9	96	2	1.0	61.0
9	97	2	1.0	62.0
9	98	2	1.0	63.0
9	99	1	0.0	63.0
9	100	3	0.0	63.0
9	101	4	0.0	63.0
9	102	2	1.0	64.0
9	103	2	1.0	65.0
9	104	2	1.0	66.0
9	105	2	1.0	67.0
9	106	2	1.0	68.0
9	107	2	1.0	69.0
9	108	2	1.0	70.0
9	109	2	1.0	71.0
9	110	2	1.0	72.0
9	111	2	1.0	73.0
9	112	2	0.0	73.0
9	113	0	0.0	73.0
9	114	2	1.0	74.0
9	115	2	1.0	75.0
9	116	2	1.0	76.0
9	117	2	1.0	77.0
9	118	2	1.0	78.0
9	119	2	1.0	79.0
9	120	2	1.0	80.0
9	121	2	0.0	80.0
9	122	2	1.0	81.0
9	123	2	1.0	82.0
9	124	2	0.0	82.0
9	125	2	1.0	83.0
9	126	2	1.0	84.0
9	127	2	1.0	85.0
9	128	2	1.0	86.0
9	129	2	1.0	87.0
9	130	2	1.0	88.0
9	131	2	1.0	89.0
9	132	2	1.0	90.0
9	133	2	1.0	91.0
9	134	2	1.0	92.0
9	135	2	1.0	93.0
9	136	2	1.0	94.0
9	137	2	0.0	94.0
9	138	1	1.0	95.0
9	139	1	0.0	95.0
9	140	3	0.0	95.0
9	141	4	0.0	95.0
9	142	2	1.0	96.0
9	143	2	1.0	97.0
9	144	2	1.0	98.0
9	145	2	0.0	98.0
9	146	0	1.0	99.0
9	147	0	0.0	99.0
9	148	2	0.0	99.0
9	149	2	1.0	100.0
9	150	1	0.0	100.0
9	151	2	0.0	100.0
9	152	2	1.0	101.0
9	153	2	1.0	102.0
9	154	2	1.0	103.0
9	155	2	1.0	104.0
9	156	2	1.0	105.0
9	157	2	0.0	105.0
9	158	0	1.0	106.0
9	159	0	0.0	106.0
9	160	2	1.0	107.0
9	161	2	1.0	108.0
9	162	2	0.0	108.0
9	163	2	1.0	109.0
9	164	2	1.0	110.0
9	165	2	1.0	111.0
9	166	2	1.0	112.0
9	167	2	1.0	113.0
9	168	2	1.0	114.0
9	169	2	1.0	115.0
9	170	2	1.0	116.0
9	171	2	1.0	117.0
9	172	2	1.0	118.0
9	173	2	1.0	119.0
9	174	2	1.0	120.0
9	175	2	1.0	121.0
9	176	2	1.0	122.0
9	177	2	1.0	123.0
9	178	2	1.0	124.0
9	179	2	1.0	125.0
9	180	2	1.0	126.0
9	181	2	1.0	127.0
9	182	2	1.0	128.0
9	183	2	1.0	129.0
9	184	2	1.0	130.0
9	185	2	1.0	131.0
9	186	2	1.0	132.0
9	187	2	1.0	133.0
9	188	2	1.0	134.0
9	189	2	1.0	135.0
9	190	3	0.0	135.0
9	191	4	0.0	135.0
9	192	2	1.0	136.0
9	193	2	1.0	137.0
9	194	2	1.0	138.0
9	195	2	1.0	139.0
9	196	2	1.0	140.0
9	197	2	1.0	141.0
9	198	2	1.0	142.0
9	199	2	1.0	143.0
9	200	2	1.0	144.0
9	201	2	1.0	145.0
9	202	2	1.0	146.0
9	203	2	1.0	147.0
9	204	2	1.0	148.0
9	205	2	0.0	148.0
9	206	0	0.0	148.0
9	207	2	1.0	149.0
9	208	2	1.0	150.0
9	209	2	1.0	151.0
9	210	2	1.0	152.0
9	211	2	1.0	153.0
9	212	2	1.0	154.0
9	213	2	1.0	155.0
9	214	2	1.0	156.0
9	215	2	1.0	157.0
9	216	2	1.0	158.0
9	217	2	1.0	159.0
9	218	2	1.0	160.0
9	219	2	1.0	161.0
9	220	2	1.0	162.0
9	221	2	1.0	163.0
9	222	2	1.0	164.0
9	223	2	1.0	165.0
9	224	1	0.0	165.0
9	225	2	1.0	166.0
9	226	2	1.0	167.0
9	227	2	1.0	168.0
9	228	2	1.0	169.0
9	229	2	0.0	169.0
9	230	2	1.0	170.0
9	231	2	1.0	171.0
9	232	2	1.0	172.0
9	233	2	1.0	173.0
9	234	2	1.0	174.0
9	235	2	1.0	175.0
9	236	2	1.0	176.0
9	237	2	1.0	177.0
9	238	2	1.0	178.0
9	239	2	1.0	179.0
9	240	2	1.0	180.0
9	241	2	1.0	181.0
9	242	2	1.0	182.0
9	243	2	1.0	183.0
9	244	2	1.0	184.0
9	245	2	1.0	185.0
9	246	2	1.0	186.0
9	247	2	1.0	187.0
9	248	2	1.0	188.0
9	249	2	1.0	189.0
9	250	2	1.0	190.0
9	251	2	1.0	191.0
9	252	2	1.0	192.0
9	253	2	1.0	193.0
9	254	2	1.0	194.0
9	255	2	1.0	195.0
9	256	2	1.0	196.0
9	257	2	1.0	197.0
9	258	2	1.0	198.0
9	259	2	0.0	198.0
9	260	2	1.0	199.0
9	261	2	1.0	200.0
9	262	2	1.0	201.0
9	263	2	1.0	202.0
9	264	2	1.0	203.0
9	265	2	1.0	204.0
9	266	2	1.0	205.0
9	267	2	1.0	206.0
9	268	2	1.0	207.0
9	269	2	1.0	208.0
9	270	2	1.0	209.0
9	271	2	1.0	210.0
9	272	2	1.0	211.0
9	273	2	1.0	212.0
9	274	2	1.0	213.0
9	275	2	1.0	214.0
9	276	2	1.0	215.0
9	277	2	1.0	216.0
9	278	2	1.0	217.0
9	279	2	1.0	218.0
9	280	2	1.0	219.0
9	281	2	1.0	220.0
9	282	2	0.0	220.0
9	283	2	1.0	221.0
9	284	2	1.0	222.0
9	285	0	0.0	222.0
9	286	2	1.0	223.0
9	287	2	1.0	224.0
9	288	2	1.0	225.0
9	289	2	1.0	226.0
9	290	2	0.0	226.0
9	291	3	0.0	226.0
9	292	4	1.0	227.0
9	293	4	0.0	227.0
9	294	2	1.0	228.0
9	295	2	1.0	229.0
9	296	2	1.0	230.0
9	297	2	1.0	231.0
9	298	2	0.0	231.0
9	299	2	1.0	232.0
9	300	2	1.0	233.0
9	301	2	1.0	234.0
9	302	2	1.0	235.0
9	303	2	1.0	236.0
9	304	2	1.0	237.0
9	305	2	1.0	238.0
9	306	2	1.0	239.0
9	307	2	1.0	240.0
9	308	2	1.0	241.0
9	309	2	1.0	242.0
9	310	2	1.0	243.0
9	311	2	1.0	244.0
9	312	2	1.0	245.0
9	313	2	1.0	246.0
9	314	2	0.0	246.0
9	315	2	1.0	247.0
9	316	2	1.0	248.0
9	317	2	1.0	249.0
9	318	1	0.0	249.0
9	319	4	0.0	249.0
9	320	2	1.0	250.0
9	321	2	1.0	251.0
9	322	2	0.0	251.0
9	323	2	1.0	252.0
9	324	2	1.0	253.0
9	325	2	1.0	254.0
9	326	2	1.0	255.0
9	327	2	1.0	256.0
9	328	2	1.0	257.0
9	329	2	1.0	258.0
9	330	2	1.0	259.0
9	331	2	1.0	260.0
9	332	2	1.0	261.0
9	333	2	1.0	262.0
9	334	2	1.0	263.0
9	335	2	1.0	264.0
9	336	2	1.0	265.0
9	337	2	1.0	266.0
9	338	2	1.0	267.0
9	339	2	1.0	268.0
9	340	2	1.0	269.0
9	341	2	1.0	270.0
9	342	2	1.0	271.0
9	343	2	1.0	272.0
9	344	2	1.0	273.0
9	345	2	0.0	273.0
9	346	2	1.0	274.0
9	347	2	1.0	275.0
9	348	2	1.0	276.0
9	349	2	1.0	277.0
9	350	2	1.0	278.0
9	351	2	1.0	279.0
9	352	2	1.0	280.0
9	353	2	1.0	281.0
9	354	2	1.0	282.0
9	355	2	1.0	283.0
9	356	2	1.0	284.0
9	357	2	1.0	285.0
9	358	2	1.0	286.0
9	359	2	1.0	287.0
9	360	2	1.0	288.0
9	361	2	1.0	289.0
9	362	2	1.0	290.0
9	363	2	1.0	291.0
9	364	2	1.0	292.0
9	365	2	1.0	293.0
9	366	2	1.0	294.0
9	367	2	1.0	295.0
9	368	2	1.0	296.0
9	369	2	1.0	297.0
9	370	2	1.0	298.0
9	371	2	1.0	299.0
9	372	2	1.0	300.0
9	373	2	1.0	301.0
9	374	2	1.0	302.0
9	375	2	1.0	303.0
9	376	2	0.0	303.0
9	377	0	0.0	303.0
9	378	2	0.0	303.0
9	379	2	1.0	304.0
9	380	2	1.0	305.0
9	381	2	1.0	306.0
9	382	2	1.0	307.0
9	383	2	1.0	308.0
9	384	2	1.0	309.0
9	385	2	1.0	310.0
9	386	2	1.0	311.0
9	387	2	1.0	312.0
9	388	2	0.0	312.0
9	389	2	1.0	313.0
9	390	2	1.0	314.0
9	391	2	1.0	315.0
9	392	2	1.0	316.0
9	393	2	1.0	317.0
9	394	2	1.0	318.0
9	395	2	1.0	319.0
9	396	2	1.0	320.0
9	397	2	1.0	321.0
9	398	2	1.0	322.0
9	399	2	1.0	323.0
9	400	2	1.0	324.0
9	401	2	1.0	325.0
9	402	2	1.0	326.0
9	403	2	1.0	327.0
9	404	2	1.0	328.0
9	405	2	1.0	329.0
9	406	2	0.0	329.0
9	407	2	1.0	330.0
9	408	2	1.0	331.0
9	409	2	1.0	332.0
9	410	2	1.0	333.0
9	411	3	0.0	333.0
9	412	2	1.0	334.0
9	413	2	1.0	335.0
9	414	2	1.0	336.0
9	415	2	1.0	337.0
9	416	2	1.0	338.0
9	417	2	1.0	339.0
9	418	2	1.0	340.0
9	419	2	1.0	341.0
9	420	2	1.0	342.0
9	421	2	1.0	343.0
9	422	2	1.0	344.0
9	423	2	1.0	345.0
9	424	2	1.0	346.0
9	425	2	1.0	347.0
9	426	2	1.0	348.0
9	427	2	1.0	349.0
9	428	2	1.0	350.0
9	429	2	0.0	350.0
9	430	2	0.0	350.0
9	431	2	1.0	351.0
9	432	2	1.0	352.0
9	433	2	1.0	353.0
9	434	2	1.0	354.0
9	435	2	0.0	354.0
9	436	1	0.0	354.0
9	437	4	0.0	354.0
9	438	2	1.0	355.0
9	439	2	1.0	356.0
9	440	2	1.0	357.0
9	441	2	1.0	358.0
9	442	2	1.0	359.0
9	443	2	0.0	359.0
9	444	2	1.0	360.0
9	445	2	1.0	361.0
9	446	2	1.0	362.0
9	447	2	1.0	363.0
9	448	2	1.0	364.0
9	449	2	1.0	365.0
9	450	2	1.0	366.0
9	451	2	0.0	366.0
9	452	2	1.0	367.0
9	453	2	1.0	368.0
9	454	2	0.0	368.0
9	455	2	1.0	369.0
9	456	2	1.0	370.0
9	457	0	1.0	371.0
9	458	0	0.0	371.0
9	459	2	1.0	372.0
9	460	2	1.0	373.0
9	461	2	1.0	374.0
9	462	2	0.0	374.0
9	463	2	0.0	374.0
9	464	2	0.0	374.0
9	465	2	1.0	375.0
9	466	2	1.0	376.0
9	467	2	1.0	377.0
9	468	2	1.0	378.0
9	469	2	1.0	379.0
9	470	2	1.0	380.0
9	471	2	1.0	381.0
9	472	2	0.0	381.0
9	473	2	1.0	382.0
9	474	2	1.0	383.0
9	475	2	1.0	384.0
9	476	2	1.0	385.0
9	477	2	0.0	385.0
9	478	2	1.0	386.0
9	479	2	1.0	387.0
9	480	2	1.0	388.0
9	481	2	1.0	389.0
9	482	2	1.0	390.0
9	483	2	1.0	391.0
9	484	2	1.0	392.0
9	485	2	1.0	393.0
9	486	2	1.0	394.0
9	487	2	1.0	395.0
9	488	2	1.0	396.0
9	489	2	1.0	397.0
9	490	2	1.0	398.0
9	491	2	0.0	398.0
9	492	2	0.0	398.0
9	493	0	0.0	398.0
9	494	2	1.0	399.0
9	495	2	1.0	400.0
9	496	2	1.0	401.0
9	497	2	1.0	402.0
9	498	2	1.0	403.0
9	499	2	0.0	403.0
9	500	2	1.0	404.0
10	1	0	0.0	0.0
10	2	1	0.0	0.0
10	3	2	1.0	1.0
10	4	3	0.0	1.0
10	5	4	1.0	2.0
10	6	2	1.0	3.0
10	7	4	0.0	3.0
10	8	2	1.0	4.0
10	9	2	1.0	5.0
10	10	0	1.0	6.0
10	11	1	1.0	7.0
10	12	3	0.0	7.0
10	13	2	1.0	8.0
10	14	0	0.0	8.0
10	15	1	0.0	8.0
10	16	4	0.0	8.0
10	17	2	1.0	9.0
10	18	2	1.0	10.0
10	19	2	1.0	11.0
10	20	2	1.0	12.0
10	21	2	1.0	13.0
10	22	2	1.0	14.0
10	23	0	0.0	14.0
10	24	1	0.0	14.0
10	25	4	0.0	14.0
10	26	3	0.0	14.0
10	27	2	1.0	15.0
10	28	2	1.0	16.0
10	29	2	1.0	17.0
10	30	2	1.0	18.0
10	31	2	1.0	19.0
10	32	2	1.0	20.0
10	33	2	1.0	21.0
10	34	2	1.0	22.0
10	35	2	1.0	23.0
10	36	2	1.0	24.0
10	37	0	0.0	24.0
10	38	1	0.0	24.0
10	39	4	0.0	24.0
10	40	2	1.0	25.0
10	41	2	1.0	26.0
10	42	3	0.0	26.0
10	43	2	1.0	27.0
10	44	2	1.0	28.0
10	45	2	1.0	29.0
10	46	2	1.0	30.0
10	47	2	1.0	31.0
10	48	2	1.0	32.0
10	49	2	1.0	33.0
10	50	2	1.0	34.0
10	51	2	1.0	35.0
10	52	2	1.0	36.0
10	53	2	1.0	37.0
10	54	2	0.0	37.0
10	55	0	0.0	37.0
10	56	1	0.0	37.0
10	57	4	0.0	37.0
10	58	2	1.0	38.0
10	59	2	1.0	39.0
10	60	2	1.0	40.0
10	61	2	1.0	41.0
10	62	3	0.0	41.0
10	63	2	1.0	42.0
10	64	2	1.0	43.0
10	65	2	1.0	44.0
10	66	2	1.0	45.0
10	67	2	0.0	45.0
10	68	2	1.0	46.0
10	69	2	1.0	47.0
10	70	2	0.0	47.0
10	71	2	1.0	48.0
10	72	2	1.0	49.0
10	73	0	0.0	49.0
10	74	1	0.0	49.0
10	75	4	0.0	49.0
10	76	2	1.0	50.0
10	77	2	1.0	51.0
10	78	2	1.0	52.0
10	79	2	1.0	53.0
10	80	2	1.0	54.0
10	81	2	1.0	55.0
10	82	2	1.0	56.0
10	83	2	1.0	57.0
10	84	2	1.0	58.0
10	85	2	1.0	59.0
10	86	2	1.0	60.0
10	87	2	1.0	61.0
10	88	3	0.0	61.0
10	89	2	1.0	62.0
10	90	2	1.0	63.0
10	91	2	1.0	64.0
10	92	2	1.0	65.0
10	93	2	1.0	66.0
10	94	2	1.0	67.0
10	95	2	1.0	68.0
10	96	2	1.0	69.0
10	97	2	1.0	70.0
10	98	2	1.0	71.0
10	99	2	1.0	72.0
10	100	2	1.0	73.0
10	101	2	1.0	74.0
10	102	2	1.0	75.0
10	103	2	1.0	76.0
10	104	2	1.0	77.0
10	105	2	0.0	77.0
10	106	0	0.0	77.0
10	107	1	0.0	77.0
10	108	4	0.0	77.0
10	109	2	1.0	78.0
10	110	2	1.0	79.0
10	111	2	1.0	80.0
10	112	2	1.0	81.0
10	113	2	1.0	82.0
10	114	2	1.0	83.0
10	115	2	1.0	84.0
10	116	2	1.0	85.0
10	117	2	0.0	85.0
10	118	2	1.0	86.0
10	119	2	0.0	86.0
10	120	3	0.0	86.0
10	121	2	1.0	87.0
10	122	2	1.0	88.0
10	123	2	1.0	89.0
10	124	2	1.0	90.0
10	125	2	1.0	91.0
10	126	2	1.0	92.0
10	127	2	1.0	93.0
10	128	2	1.0	94.0
10	129	2	0.0	94.0
10	130	2	1.0	95.0
10	131	2	0.0	95.0
10	132	2	0.0	95.0
10	133	0	0.0	95.0
10	134	1	0.0	95.0
10	135	4	0.0	95.0
10	136	2	1.0	96.0
10	137	2	1.0	97.0
10	138	2	1.0	98.0
10	139	2	0.0	98.0
10	140	2	1.0	99.0
10	141	2	1.0	100.0
10	142	2	1.0	101.0
10	143	2	1.0	102.0
10	144	2	1.0	103.0
10	145	2	0.0	103.0
10	146	2	1.0	104.0
10	147	2	1.0	105.0
10	148	2	1.0	106.0
10	149	2	1.0	107.0
10	150	2	0.0	107.0
10	151	3	0.0	107.0
10	152	2	1.0	108.0
10	153	2	1.0	109.0
10	154	2	0.0	109.0
10	155	2	1.0	110.0
10	156	2	1.0	111.0
10	157	2	1.0	112.0
10	158	2	1.0	113.0
10	159	2	1.0	114.0
10	160	2	0.0	114.0
10	161	0	0.0	114.0
10	162	1	0.0	114.0
10	163	4	1.0	115.0
10	164	4	0.0	115.0
10	165	2	1.0	116.0
10	166	2	1.0	117.0
10	167	2	0.0	117.0
10	168	2	1.0	118.0
10	169	2	1.0	119.0
10	170	2	0.0	119.0
10	171	2	1.0	120.0
10	172	2	1.0	121.0
10	173	2	1.0	122.0
10	174	2	1.0	123.0
10	175	2	1.0	124.0
10	176	2	0.0	124.0
10	177	4	0.0	124.0
10	178	2	1.0	125.0
10	179	2	1.0	126.0
10	180	2	1.0	127.0
10	181	2	1.0	128.0
10	182	2	1.0	129.0
10	183	2	1.0	130.0
10	184	2	1.0	131.0
10	185	2	1.0	132.0
10	186	2	1.0	133.0
10	187	2	1.0	134.0
10	188	2	1.0	135.0
10	189	2	1.0	136.0
10	190	2	1.0	137.0
10	191	2	1.0	138.0
10	192	2	1.0	139.0
10	193	2	1.0	140.0
10	194	2	0.0	140.0
10	195	3	0.0	140.0
10	196	2	1.0	141.0
10	197	2	1.0	142.0
10	198	2	1.0	143.0
10	199	2	1.0	144.0
10	200	2	1.0	145.0
10	201	2	1.0	146.0
10	202	2	1.0	147.0
10	203	2	0.0	147.0
10	204	2	1.0	148.0
10	205	2	1.0	149.0
10	206	2	1.0	150.0
10	207	2	1.0	151.0
10	208	2	1.0	152.0
10	209	2	1.0	153.0
10	210	2	0.0	153.0
10	211	0	0.0	153.0
10	212	1	0.0	153.0
10	213	2	1.0	154.0
10	214	2	1.0	155.0
10	215	2	1.0	156.0
10	216	2	1.0	157.0
10	217	2	1.0	158.0
10	218	2	1.0	159.0
10	219	2	1.0	160.0
10	220	2	1.0	161.0
10	221	2	0.0	161.0
10	222	2	0.0	161.0
10	223	2	1.0	162.0
10	224	2	1.0	163.0
10	225	2	1.0	164.0
10	226	2	1.0	165.0
10	227	2	1.0	166.0
10	228	2	1.0	167.0
10	229	2	0.0	167.0
10	230	4	0.0	167.0
10	231	2	1.0	168.0
10	232	2	1.0	169.0
10	233	2	1.0	170.0
10	234	2	1.0	171.0
10	235	2	1.0	172.0
10	236	2	1.0	173.0
10	237	2	1.0	174.0
10	238	2	1.0	175.0
10	239	2	1.0	176.0
10	240	2	1.0	177.0
10	241	2	1.0	178.0
10	242	2	1.0	179.0
10	243	2	1.0	180.0
10	244	2	1.0	181.0
10	245	2	1.0	182.0
10	246	2	1.0	183.0
10	247	2	1.0	184.0
10	248	2	1.0	185.0
10	249	2	1.0	186.0
10	250	2	1.0	187.0
10	251	2	1.0	188.0
10	252	2	0.0	188.0
10	253	2	1.0	189.0
10	254	2	1.0	190.0
10	255	2	0.0	190.0
10	256	2	1.0	191.0
10	257	2	1.0	192.0
10	258	2	1.0	193.0
10	259	2	1.0	194.0
10	260	3	0.0	194.0
10	261	2	1.0	195.0
10	262	2	1.0	196.0
10	263	2	1.0	197.0
10	264	2	1.0	198.0
10	265	2	1.0	199.0
10	266	2	1.0	200.0
10	267	2	1.0	201.0
10	268	2	0.0	201.0
10	269	2	0.0	201.0
10	270	2	1.0	202.0
10	271	2	0.0	202.0
10	272	0	0.0	202.0
10	273	1	0.0	202.0
10	274	2	1.0	203.0
10	275	2	1.0	204.0
10	276	2	1.0	205.0
10	277	2	1.0	206.0
10	278	2	1.0	207.0
10	279	2	1.0	208.0
10	280	2	1.0	209.0
10	281	2	1.0	210.0
10	282	2	0.0	210.0
10	283	2	1.0	211.0
10	284	2	1.0	212.0
10	285	2	1.0	213.0
10	286	2	1.0	214.0
10	287	2	1.0	215.0
10	288	2	1.0	216.0
10	289	2	1.0	217.0
10	290	2	1.0	218.0
10	291	2	1.0	219.0
10	292	2	1.0	220.0
10	293	2	1.0	221.0
10	294	2	1.0	222.0
10	295	2	1.0	223.0
10	296	2	1.0	224.0
10	297	2	1.0	225.0
10	298	2	1.0	226.0
10	299	2	1.0	227.0
10	300	2	1.0	228.0
10	301	2	1.0	229.0
10	302	2	1.0	230.0
10	303	2	1.0	231.0
10	304	2	1.0	232.0
10	305	2	0.0	232.0
10	306	2	1.0	233.0
10	307	2	1.0	234.0
10	308	2	1.0	235.0
10	309	2	0.0	235.0
10	310	4	0.0	235.0
10	311	2	0.0	235.0
10	312	2	1.0	236.0
10	313	2	1.0	237.0
10	314	2	1.0	238.0
10	315	2	1.0	239.0
10	316	2	1.0	240.0
10	317	2	1.0	241.0
10	318	2	1.0	242.0
10	319	2	1.0	243.0
10	320	2	1.0	244.0
10	321	2	1.0	245.0
10	322	2	1.0	246.0
10	323	2	1.0	247.0
10	324	2	1.0	248.0
10	325	2	0.0	248.0
10	326	2	1.0	249.0
10	327	2	1.0	250.0
10	328	2	1.0	251.0
10	329	2	1.0	252.0
10	330	2	1.0	253.0
10	331	2	1.0	254.0
10	332	2	1.0	255.0
10	333	2	1.0	256.0
10	334	2	1.0	257.0
10	335	2	1.0	258.0
10	336	2	1.0	259.0
10	337	2	1.0	260.0
10	338	2	1.0	261.0
10	339	2	0.0	261.0
10	340	2	1.0	262.0
10	341	2	1.0	263.0
10	342	2	1.0	264.0
10	343	2	1.0	265.0
10	344	2	1.0	266.0
10	345	2	1.0	267.0
10	346	2	1.0	268.0
10	347	2	1.0	269.0
10	348	2	1.0	270.0
10	349	2	1.0	271.0
10	350	2	1.0	272.0
10	351	2	1.0	273.0
10	352	2	1.0	274.0
10	353	2	1.0	275.0
10	354	2	1.0	276.0
10	355	2	1.0	277.0
10	356	2	1.0	278.0
10	357	2	1.0	279.0
10	358	2	1.0	280.0
10	359	2	1.0	281.0
10	360	2	1.0	282.0
10	361	2	0.0	282.0
10	362	3	0.0	282.0
10	363	2	1.0	283.0
10	364	2	1.0	284.0
10	365	2	0.0	284.0
10	366	2	0.0	284.0
10	367	2	1.0	285.0
10	368	2	1.0	286.0
10	369	2	0.0	286.0
10	370	0	0.0	286.0
10	371	1	0.0	286.0
10	372	2	1.0	287.0
10	373	2	1.0	288.0
10	374	2	1.0	289.0
10	375	2	1.0	290.0
10	376	2	1.0	291.0
10	377	2	1.0	292.0
10	378	2	1.0	293.0
10	379	2	0.0	293.0
10	380	2	1.0	294.0
10	381	2	1.0	295.0
10	382	2	1.0	296.0
10	383	2	1.0	297.0
10	384	2	1.0	298.0
10	385	2	0.0	298.0
10	386	2	1.0	299.0
10	387	2	1.0	300.0
10	388	2	0.0	300.0
10	389	2	1.0	301.0
10	390	2	1.0	302.0
10	391	2	1.0	303.0
10	392	2	1.0	304.0
10	393	2	1.0	305.0
10	394	2	1.0	306.0
10	395	2	1.0	307.0
10	396	2	1.0	308.0
10	397	2	1.0	309.0
10	398	2	1.0	310.0
10	399	4	0.0	310.0
10	400	2	1.0	311.0
10	401	2	1.0	312.0
10	402	2	0.0	312.0
10	403	2	1.0	313.0
10	404	2	1.0	314.0
10	405	2	1.0	315.0
10	406	2	1.0	316.0
10	407	2	1.0	317.0
10	408	2	1.0	318.0
10	409	2	1.0	319.0
10	410	2	1.0	320.0
10	411	2	1.0	321.0
10	412	2	1.0	322.0
10	413	2	1.0	323.0
10	414	2	1.0	324.0
10	415	2	1.0	325.0
10	416	2	1.0	326.0
10	417	2	1.0	327.0
10	418	2	1.0	328.0
10	419	2	1.0	329.0
10	420	2	1.0	330.0
10	421	2	1.0	331.0
10	422	2	1.0	332.0
10	423	2	1.0	333.0
10	424	2	1.0	334.0
10	425	2	1.0	335.0
10	426	2	1.0	336.0
10	427	2	1.0	337.0
10	428	2	1.0	338.0
10	429	2	1.0	339.0
10	430	2	1.0	340.0
10	431	2	1.0	341.0
10	432	2	1.0	342.0
10	433	2	1.0	343.0
10	434	2	1.0	344.0
10	435	2	1.0	345.0
10	436	2	1.0	346.0
10	437	2	1.0	347.0
10	438	2	1.0	348.0
10	439	2	1.0	349.0
10	440	2	1.0	350.0
10	441	2	1.0	351.0
10	442	2	1.0	352.0
10	443	2	1.0	353.0
10	444	2	1.0	354.0
10	445	2	1.0	355.0
10	446	2	1.0	356.0
10	447	2	1.0	357.0
10	448	2	1.0	358.0
10	449	2	1.0	359.0
10	450	2	1.0	360.0
10	451	2	1.0	361.0
10	452	2	1.0	362.0
10	453	2	1.0	363.0
10	454	2	1.0	364.0
10	455	2	1.0	365.0
10	456	2	1.0	366.0
10	457	2	1.0	367.0
10	458	2	1.0	368.0
10	459	2	1.0	369.0
10	460	2	1.0	370.0
10	461	2	1.0	371.0
10	462	2	1.0	372.0
10	463	2	1.0	373.0
10	464	2	1.0	374.0
10	465	2	1.0	375.0
10	466	2	1.0	376.0
10	467	2	1.0	377.0
10	468	2	0.0	377.0
10	469	2	1.0	378.0
10	470	2	1.0	379.0
10	471	2	1.0	380.0
10	472	2	1.0	381.0
10	473	2	1.0	382.0
10	474	2	1.0	383.0
10	475	2	1.0	384.0
10	476	2	1.0	385.0
10	477	2	1.0	386.0
10	478	2	0.0	386.0
10	479	2	1.0	387.0
10	480	2	1.0	388.0
10	481	2	1.0	389.0
10	482	2	1.0	390.0
10	483	2	1.0	391.0
10	484	2	0.0	391.0
10	485	2	1.0	392.0
10	486	2	1.0	393.0
10	487	2	1.0	394.0
10	488	2	1.0	395.0
10	489	2	1.0	396.0
10	490	2	1.0	397.0
10	491	2	1.0	398.0
10	492	2	1.0	399.0
10	493	2	0.0	399.0
10	494	2	0.0	399.0
10	495	3	0.0	399.0
10	496	2	1.0	400.0
10	497	2	1.0	401.0
10	498	2	1.0	402.0
10	499	2	1.0	403.0
10	500	2	1.0	404.0
